01M2HV228M3NVK8DVDNJ5R0EFA	word_intro	words	1789562457	1	0	0	01M2N3QXEBPHD2DN4SVHGD07E2
01M2HV228M3NVK8DVDNJ5R0EFA	word_intro	words	1789562460	2	0	0	01M2N3QXEB9CVW6JYE9NVDPRMA
01M2HV228M3NVK8DVDNJ5R0EFA	word_repeat	words	1789562479	3	0	0	01M2N3QXEB9HB4ER9FVMJ81YTT
01M2HV228M3NVK8DVDNJ5R0EFA	word_intro	words	1789562485	4	0	0	01M2N3QXEBB6FWNNKWX3VSYDTC
01M2HV228M3NVK8DVDNJ5R0EFA	word_repeat	words	1789562494	5	0	0	01M2N3QXEBPMQZ55M0YDNAB9PW
01M2HV228M3NVK8DVDNJ5R0EFA	word_assemble	words	1789562515	6	0	0	01M2N3QXEBPCHM85YXQ1KB8Z6K
01M2HV228M3NVK8DVDNJ5R0EFA	word_intro	words	1789562519	7	0	0	01M2N3QXEBY27CAXNQ3XF99SSV
01M2HV228M3NVK8DVDNJ5R0EFA	word_repeat	words	1789562529	8	0	0	01M2N3QXEBK742YQ7CXBPK98GT
01M2HV228M3NVK8DVDNJ5R0EFA	word_assemble	words	1789562539	9	0	0	01M2N3QXEBS1W9REA6DQZNW4J9
01M2HV228M3NVK8DVDNJ5R0EFA	word_intro	words	1789562543	10	0	0	01M2N3QXEBJW234B08D3CY87JS
01M2HV228M3NVK8DVDNJ5R0EFA	word_repeat	words	1789562551	11	0	0	01M2N3QXEB9D8WXAS9KX25EE1H
01M2HV228M3NVK8DVDNJ5R0EFA	word_assemble	words	1789562559	12	0	0	01M2N3QXEBEDEY39HQ7GT8TZ3N
01M2HV228M3NVK8DVDNJ5R0EFA	word_intro	words	1789562562	13	0	0	01M2N3QXEBZX4Y6CYM2ES3184Q
01M2HV228M3NVK8DVDNJ5R0EFA	word_repeat	words	1789562571	14	0	0	01M2N3QXEBVNHVR2BS82GWFH5R
01M2HV228M3NVK8DVDNJ5R0EFA	word_in_line	words	1789562588	15	0	0	01M2N3QXEBCAG1PMBKRYMNDB23
01M2HV228M3NVK8DVDNJ5R0EFA	word_intro	words	1789562590	16	0	0	01M2N3QXEBEKDJZ8FRAGBTJ1D9
01M2HV228M3NVK8DVDNJ5R0EFA	word_repeat	words	1789562600	17	0	0	01M2N3QXEBHAT38WQA2182VQDZ
01M2HV228M3NVK8DVDNJ5R0EFA	word_assemble	words	1789562605	18	0	0	01M2N3QXEBPSHD228MC0JR0QXH
01M2HV228M3NVK8DVDNJ5R0EFA	word_intro	words	1789562608	19	0	0	01M2N3QXEBN9Z1RSFYQ4H9V9RD
01M2HV228M3NVK8DVDNJ5R0EFA	word_repeat	words	1789562616	20	0	0	01M2N3QXEBNQA4B3XMJ81S3RS8
01M2HV228M3NVK8DVDNJ5R0EFA	word_assemble	words	1789562629	21	0	0	01M2N3QXEB9QMS65RQP9H2KQ1V
01M2HV228M3NVK8DVDNJ5R0EFA	word_repeat	words	1789562645	22	0	0	01M2N3QXEBX7S35JPVSE0EVCMW
01M2HV228M3NVK8DVDNJ5R0EFA	word_assemble	words	1789562650	23	0	0	01M2N3QXEBZM8WG6E56PBTCKTE
01M2HV228M3NVK8DVDNJ5R0EFA	word_assemble	words	1789562654	24	0	0	01M2N3QXEBQ2MS2H6J8H9XSVK3
01M2HV228M3NVK8DVDNJ5R0EFA	phrase_intro	phrases	1789562780	1	0	0	01M2N3QXEBA6Q1YHE2JFBNEHVN
01M2HV228M3NVK8DVDNJ5R0EFA	phrase_intro	phrases	1789562789	2	0	0	01M2N3QXEBG4M2KV801CW6VWEZ
01M2HV228M3NVK8DVDNJ5R0EFA	phrase_intro	phrases	1789562798	3	0	0	01M2N3QXEB7FGDSC0PTG94A3DC
01M2HV228M3NVK8DVDNJ5R0EFA	phrase_choose_back	phrases	1789562811	4	0	0	01M2N3QXEBPG1B8S44ER0GT4QM
01M2HV228M3NVK8DVDNJ5R0EFA	phrase_slot_listen	phrases	1789562824	5	0	0	01M2N3QXEBHZ79C3XB0DW2WSQQ
01M2HV228M3NVK8DVDNJ5R0EFA	phrase_intro	phrases	1789562834	6	0	0	01M2N3QXEBCZYF0AC5ETMQE7X4
01M2HV228M3NVK8DVDNJ5R0EFA	phrase_slot_listen	phrases	1789562838	7	0	0	01M2N3QXEBQJ113ACJCV9KAT2H
01M2HV228M3NVK8DVDNJ5R0EFA	phrase_slot	phrases	1789562852	8	0	0	01M2N3QXEBG538QCFWMGJFFRGV
01M2HV228M3NVK8DVDNJ5R0EFA	phrase_assemble	phrases	1789562888	9	0	0	01M2N3QXEBWPFFHR11EA6TKEN1
01M2HV228M3NVK8DVDNJ5R0EFA	phrase_other_slot	phrases	1789562927	10	0	0	01M2N3QXEBFW4ZKRZG73QKVK6Q
01M2HV228M3NVK8DVDNJ5R0EFA	phrase_intro	phrases	1789562947	11	0	0	01M2N3QXEB05E8EFC6QD3RA63K
01M2HV228M3NVK8DVDNJ5R0EFA	phrase_slot_listen	phrases	1789562950	12	0	0	01M2N3QXEBPWK1Z79MKG99PKS4
01M2HV228M3NVK8DVDNJ5R0EFA	phrase_choose_back	phrases	1789562961	13	0	0	01M2N3QXEBJM43FB73QD46FFTY
01M2HV228M3NVK8DVDNJ5R0EFA	phrase_other_slot	phrases	1789562991	14	0	0	01M2N3QXEBDS4VGRG8NWSNSHBS
01M2HV228M3NVK8DVDNJ5R0EFA	phrase_intro	phrases	1789563003	15	0	0	01M2N3QXEBXR1RJJSV73Z46TXK
01M2HV228M3NVK8DVDNJ5R0EFA	phrase_choose_back	phrases	1789563008	16	0	0	01M2N3QXEB3EDHTB8G7AXK49ZH
01M2HV228M3NVK8DVDNJ5R0EFA	phrase_assemble	phrases	1789563028	17	0	0	01M2N3QXEB78ZQAR9A2WP6Y2DE
01M2HV228M3NVK8DVDNJ5R0EFA	phrase_other_slot	phrases	1789563062	18	0	0	01M2N3QXEBMPP024GFG52G178X
01M2HV228M3NVK8DVDNJ5R0EFA	phrase_intro	phrases	1789563076	19	0	0	01M2N3QXEBJVP34PJK2CHD16ND
01M2HV228M3NVK8DVDNJ5R0EFA	phrase_slot	phrases	1789563084	20	0	0	01M2N3QXEBMW0CG4CNN86MDPKN
01M2HV228M3NVK8DVDNJ5R0EFA	phrase_slot_listen	phrases	1789563090	21	0	0	01M2N3QXEBTGBMJEXQMJN674MW
01M2HV228M3NVK8DVDNJ5R0EFA	phrase_other_slot	phrases	1789563114	22	0	0	01M2N3QXEBX8XMF15M4TNEETAD
01M2HV228M3NVK8DVDNJ5R0EFA	phrase_intro	phrases	1789563160	23	0	0	01M2N3QXEBM1VHW9VSJPPWHGBR
01M2HV228M3NVK8DVDNJ5R0EFA	phrase_slot_listen	phrases	1789563162	24	0	0	01M2N3QXEBF7FTRHGCPP47P3NE
01M2HV228M3NVK8DVDNJ5R0EFA	phrase_choose_back	phrases	1789563192	25	0	0	01M2N3QXEBM0HXR86XHSG802TR
01M2HV228M3NVK8DVDNJ5R0EFA	phrase_choose_back	phrases	1789563202	26	0	0	01M2N3QXEBT4G4C8VQM2TRDASR
01M2HV228M3NVK8DVDNJ5R0EFA	phrase_other_slot	phrases	1789563244	27	0	0	01M2N3QXEB6NGCA4W0G24HNHWS
01M2HV228M3NVK8DVDNJ5R0EFA	phrase_assemble	phrases	1789563295	28	0	0	01M2N3QXEBJ4SPYZEWSFK0BAPX
01M2HV228M3NVK8DVDNJ5R0EFA	phrase_slot_listen	phrases	1789563316	29	0	0	01M2N3QXEBP2QSXXGPCVPKXJRW
01M2HV228M3NVK8DVDNJ5R0EFA	phrase_other_slot	phrases	1789563347	30	0	0	01M2N3QXEBDAEXMWWPGVYPM3KY
01M2HV228M3NVK8DVDNJ5R0EFA	phrase_other_slot	phrases	1789563358	31	0	0	01M2N3QXEBJYWXC4GR81BEE59D
01M2HV228M3NVK8DVDNJ5R0EFA	phrase_other_slot	phrases	1789563370	32	0	0	01M2N3QXEBD7J9AY1XB1PNMWZB
01M2HV228M3NVK8DVDNJ5R0EFA	phrase_combine	phrases	1789564315	33	0	0	01M2N3QXEB4BVK5GPC93D2TEV4
01M2HV228M3NVK8DVDNJ5R0EFA	phrase_other_slot	phrases	1789564344	34	0	0	01M2N46E8NNWMSHQ4TSSJ7XX9V
01M2HV228M3NVK8DVDNJ5R0EFA	phrase_other_slot	phrases	1789564369	35	0	0	01M2N4AJFFGM22YZG40RZEK390
01M2HV228M3NVK8DVDNJ5R0EFA	phrase_assemble	phrases	1789564387	36	0	0	01M2N4HP7W5DKWZCRXHBY80VGD
01M2N5VGKY3Z5WF9CNZ2FTKJT4	word_intro	words	1789478791	1	0	0	01M2N6BD3Y9BBF3Z3SQT8Z5NQF
01M2N5VGKY3Z5WF9CNZ2FTKJT4	word_intro	words	1789478795	2	0	0	01M2N6BD3YQTYTH9JT2HZ9FPVE
01M2N5VGKY3Z5WF9CNZ2FTKJT4	word_repeat	words	1789478802	3	0	0	01M2N6BD3YGKS1F7B836HTJVAR
01M2N5VGKY3Z5WF9CNZ2FTKJT4	word_intro	words	1789478804	4	0	0	01M2N6BD3YQRBC0G2Z0QC60GE6
01M2N5VGKY3Z5WF9CNZ2FTKJT4	word_repeat	words	1789478812	5	0	0	01M2N6BD3Y68GWD701W7GVZAVP
01M2N5VGKY3Z5WF9CNZ2FTKJT4	word_listen	words	1789478820	6	0	0	01M2N6BD3YDCH9WW5WTE09NCVD
01M2N5VGKY3Z5WF9CNZ2FTKJT4	word_intro	words	1789478824	7	0	0	01M2N6BD3Y2SJ1EQ3BSRJG818Q
01M2N5VGKY3Z5WF9CNZ2FTKJT4	word_repeat	words	1789478832	8	0	0	01M2N6BD3YP5G5HCQ55W7SVPH4
01M2N5VGKY3Z5WF9CNZ2FTKJT4	word_assemble	words	1789478838	9	0	0	01M2N6BD3YGPHHK0V3EBVPB5XJ
01M2N5VGKY3Z5WF9CNZ2FTKJT4	word_intro	words	1789478844	10	0	0	01M2N6BD3YNJH3YHNMM4T2W0S6
01M2N5VGKY3Z5WF9CNZ2FTKJT4	word_repeat	words	1789478852	11	0	0	01M2N6BD3YJ22E2F1J6SF62QWG
01M2N5VGKY3Z5WF9CNZ2FTKJT4	word_in_line	words	1789478864	12	0	0	01M2N6BD3YMFNEBA8QS7RYKN7Q
01M2N5VGKY3Z5WF9CNZ2FTKJT4	word_intro	words	1789478866	13	0	0	01M2N6BD3YE325HEVVZ0Z5ZBWR
01M2N5VGKY3Z5WF9CNZ2FTKJT4	word_repeat	words	1789478875	14	0	0	01M2N6BD3YZC5603H4HTVJDYK8
01M2N5VGKY3Z5WF9CNZ2FTKJT4	word_choose	words	1789478877	15	0	0	01M2N6BD3Y19WC6JR5ENZP6PD2
01M2N5VGKY3Z5WF9CNZ2FTKJT4	word_intro	words	1789478881	16	0	0	01M2N6BD3Y4F1G33FEMV8KSTDJ
01M2N5VGKY3Z5WF9CNZ2FTKJT4	word_repeat	words	1789478889	17	0	0	01M2N6BD3YHSG2KWE3N32E5V1G
01M2N5VGKY3Z5WF9CNZ2FTKJT4	word_listen	words	1789478893	18	0	0	01M2N6BD3YCHEZ0A063QHQ02M2
01M2N5VGKY3Z5WF9CNZ2FTKJT4	word_intro	words	1789478906	19	0	0	01M2N6BD3Y0FPPGTRXA7NRGMGJ
01M2N5VGKY3Z5WF9CNZ2FTKJT4	word_repeat	words	1789478914	20	0	0	01M2N6BD3YYHEDDP7VGQQ93SCZ
01M2N5VGKY3Z5WF9CNZ2FTKJT4	word_assemble	words	1789478920	21	0	0	01M2N6BD3Y170C1DPTFWBBSYEY
01M2N5VGKY3Z5WF9CNZ2FTKJT4	word_repeat	words	1789478928	22	0	0	01M2N6BD3YHX4XMH63EAHQDK7P
01M2N5VGKY3Z5WF9CNZ2FTKJT4	word_in_line	words	1789478941	23	0	0	01M2N6BD3YMTGWHNPAC3TG71E6
01M2N5VGKY3Z5WF9CNZ2FTKJT4	word_assemble	words	1789478947	24	0	0	01M2N6BD3YTZQM6T526065M2WY
01M2N5VGKY3Z5WF9CNZ2FTKJT4	phrase_intro	phrases	1789479820	1	0	0	01M2N6BD3YGG7SH67ZXX96QJ3D
01M2N5VGKY3Z5WF9CNZ2FTKJT4	phrase_intro	phrases	1789479832	2	0	0	01M2N6BD3YQZDPVAZRM48V1AQ5
01M2N5VGKY3Z5WF9CNZ2FTKJT4	phrase_intro	phrases	1789479838	3	0	0	01M2N6BD3YEKGX5WNKNR9Y16HC
01M2N5VGKY3Z5WF9CNZ2FTKJT4	phrase_choose_back	phrases	1789479858	4	0	0	01M2N6BD3YMRX5CWYNG1BNPBT8
01M2N5VGKY3Z5WF9CNZ2FTKJT4	phrase_slot_listen	phrases	1789479863	5	0	0	01M2N6BD3YW969JYTXVJP2S21K
01M2N5VGKY3Z5WF9CNZ2FTKJT4	phrase_intro	phrases	1789479876	6	0	0	01M2N6BD3YG5Z2DCYKM1QPZ9Y3
01M2N5VGKY3Z5WF9CNZ2FTKJT4	phrase_slot_listen	phrases	1789479885	7	0	0	01M2N6BD3YAPFGS8HXTBTDNS1E
01M2N5VGKY3Z5WF9CNZ2FTKJT4	phrase_slot	phrases	1789479897	8	0	0	01M2N6BD3YA4MNQWDZZ74E914S
01M2N5VGKY3Z5WF9CNZ2FTKJT4	phrase_assemble	phrases	1789479914	9	0	0	01M2N6BD3YJ0V33YYKCWQ21V31
01M2N5VGKY3Z5WF9CNZ2FTKJT4	phrase_assemble	phrases	1789479923	10	0	0	01M2N6BD3YKTDEYFVNFNRQWNVS
01M2N5VGKY3Z5WF9CNZ2FTKJT4	phrase_intro	phrases	1789479930	11	0	0	01M2N6BD3YFESNA9CN7RGMKPSW
01M2N5VGKY3Z5WF9CNZ2FTKJT4	phrase_slot	phrases	1789479938	12	0	0	01M2N6BD3YPX84YD9SSTD0Q3D9
01M2N5VGKY3Z5WF9CNZ2FTKJT4	phrase_choose_back	phrases	1789479946	13	0	0	01M2N6BD3Y4G7JH0T4GRER7BNS
01M2N5VGKY3Z5WF9CNZ2FTKJT4	phrase_slot	phrases	1789479957	14	0	0	01M2N6BD3YHXHMZ7K6BZHPQSM2
01M2N5VGKY3Z5WF9CNZ2FTKJT4	phrase_other_slot	phrases	1789479973	15	0	0	01M2N6BD3YXAEP77MMBREP46BQ
01M2N5VGKY3Z5WF9CNZ2FTKJT4	phrase_intro	phrases	1789479987	16	0	0	01M2N6BD3YFRF7NTJH70172HBZ
01M2N5VGKY3Z5WF9CNZ2FTKJT4	phrase_slot	phrases	1789480008	17	0	0	01M2N6BD3YS71KB0FAJ7XMY3WR
01M2N5VGKY3Z5WF9CNZ2FTKJT4	phrase_choose_back	phrases	1789480015	18	0	0	01M2N6BD3YG0VBTEN97QR09KVK
01M2N5VGKY3Z5WF9CNZ2FTKJT4	phrase_slot_listen	phrases	1789480019	19	0	0	01M2N6BD3YMS5J8Q2E8J07E2V0
01M2N5VGKY3Z5WF9CNZ2FTKJT4	phrase_other_slot	phrases	1789480031	20	0	0	01M2N6BD3Y68VKR13M1ZM4CDH2
01M2N5VGKY3Z5WF9CNZ2FTKJT4	phrase_slot	phrases	1789480036	21	0	0	01M2N6BD3Y4ZBMR90DRFYW950B
01M2N5VGKY3Z5WF9CNZ2FTKJT4	phrase_choose_back	phrases	1789480038	22	0	0	01M2N6BD3Y7G81SC7EW0P98KFJ
01M2N5VGKY3Z5WF9CNZ2FTKJT4	phrase_slot_listen	phrases	1789480049	23	0	0	01M2N6BD3Y2DN5DBWN43HGWRBN
01M2N5VGKY3Z5WF9CNZ2FTKJT4	phrase_choose_back	phrases	1789480059	24	0	0	01M2N6BD3YW5JDQMA8BX854P19
01M2N5VGKY3Z5WF9CNZ2FTKJT4	phrase_other_slot	phrases	1789480080	25	0	0	01M2N6BD3YJW62JZZPX07SWQ98
01M2N5VGKY3Z5WF9CNZ2FTKJT4	phrase_slot_listen	phrases	1789480084	26	0	0	01M2N6BD3YQ2PWRDWKKJMEEPG2
01M2N5VGKY3Z5WF9CNZ2FTKJT4	phrase_slot_listen	phrases	1789480088	27	0	0	01M2N6BD3YMYBR62N2PYHTV41B
01M2N5VGKY3Z5WF9CNZ2FTKJT4	phrase_other_slot	phrases	1789480112	28	0	0	01M2N6BD3YZ3P3ETQ14EVWBMH8
01M2N5VGKY3Z5WF9CNZ2FTKJT4	phrase_other_slot	phrases	1789480124	29	0	0	01M2N6BD3Y7Z8P0W4E30BDGYZS
01M2N5VGKY3Z5WF9CNZ2FTKJT4	phrase_other_slot	phrases	1789480135	30	0	0	01M2N6BD3Y5MBYQ134VZY7Q2MJ
01M2N5VGKY3Z5WF9CNZ2FTKJT4	phrase_combine	phrases	1789492570	31	0	0	01M2N6BD3YFJMNY0Y8KB0SXZXS
01M2N5VGKY3Z5WF9CNZ2FTKJT4	phrase_slot	phrases	1789492585	32	0	0	01M2N7F3P2VZJ2CFFTZ7V7HJ48
01M2N5VGKY3Z5WF9CNZ2FTKJT4	phrase_choose_back	phrases	1789492601	33	0	0	01M2N7GW96E62VD3M0496G9HBN
01M2N5VGKY3Z5WF9CNZ2FTKJT4	phrase_other_slot	phrases	1789492613	34	0	0	01M2N7KVG5HVKXE48X88261TT4
01M2NKKGFKBSX69MFXHMJKVN7Y	word_intro	words	1789658811	1	0	0	01M2QZ7CBQY3VQ9KP25VV60YRE
01M2NKKGFKBSX69MFXHMJKVN7Y	word_intro	words	1789658817	2	0	0	01M2QZ7CBQF29J9YKS5P6BHHH3
01M2NKKGFKBSX69MFXHMJKVN7Y	word_repeat	words	1789658858	3	0	0	01M2QZ7CBQW29P1VRTYJV8GB6T
01M2NKKGFKBSX69MFXHMJKVN7Y	word_intro	words	1789659261	4	0	0	01M2QZ7CBQBFPCV5JV2EKAVD13
01M2NKKGFKBSX69MFXHMJKVN7Y	word_repeat	words	1789659266	5	0	0	01M2QZ7CBQSG81TC6CKSKZCCW8
01M2NKKGFKBSX69MFXHMJKVN7Y	word_choose	words	1789659294	6	0	0	01M2QZ7CBQHSX8VYZVJ6YFW45Y
01M2NKKGFKBSX69MFXHMJKVN7Y	word_intro	words	1789659296	7	0	0	01M2QZ7CBQCX6X8T57V64TFH2Z
01M2NKKGFKBSX69MFXHMJKVN7Y	word_repeat	words	1789659310	8	0	0	01M2QZ7CBQMK6VS8YGQF6HZCPD
01M2NKKGFKBSX69MFXHMJKVN7Y	word_assemble	words	1789659350	9	0	0	01M2QZ7CBQNPMH2N0TTVBD9N1Y
01M2NKKGFKBSX69MFXHMJKVN7Y	word_intro	words	1789659357	10	0	0	01M2QZ7CBQN8QXBTAR9B2XCDS9
01M2NKKGFKBSX69MFXHMJKVN7Y	word_repeat	words	1789659361	11	0	0	01M2QZ7CBQYA17A769XF753E4F
01M2NKKGFKBSX69MFXHMJKVN7Y	word_listen	words	1789659365	12	0	0	01M2QZ7CBQDTPMBP1ZDQF8X3M6
01M2NKKGFKBSX69MFXHMJKVN7Y	word_intro	words	1789659370	13	0	0	01M2QZ7CBQ7TFXVZYW5TSK6GNH
01M2NKKGFKBSX69MFXHMJKVN7Y	word_repeat	words	1789659376	14	0	0	01M2QZ7CBQD283SRCKJYWKT2FQ
01M2NKKGFKBSX69MFXHMJKVN7Y	word_in_line	words	1789659380	15	0	0	01M2QZ7CBQZ5AATS52DD2W7KTJ
01M2NKKGFKBSX69MFXHMJKVN7Y	word_intro	words	1789659391	16	0	0	01M2QZ7CBQA525AV3Z76T9HR5T
01M2NKKGFKBSX69MFXHMJKVN7Y	word_repeat	words	1789659398	17	0	0	01M2QZ7CBQ6X77TEB2VRWF2HVJ
01M2NKKGFKBSX69MFXHMJKVN7Y	word_assemble	words	1789660087	18	0	0	01M2QZ7CBQJABX5XZ9A1ZY7BHR
01M2NKKGFKBSX69MFXHMJKVN7Y	word_intro	words	1789660091	19	0	0	01M2QZ7CBQKXWQ4AA0W68DPAV1
01M2NKKGFKBSX69MFXHMJKVN7Y	word_repeat	words	1789660103	20	0	0	01M2QZ7CBQ9NX352W9VERY729B
01M2NKKGFKBSX69MFXHMJKVN7Y	word_choose	words	1789660106	21	0	0	01M2QZ7CBQSCFYAP2Z25ZW4YXQ
01M2NKKGFKBSX69MFXHMJKVN7Y	word_repeat	words	1789660112	22	0	0	01M2QZ7CBQSX6W3CH0FZR144VB
01M2NKKGFKBSX69MFXHMJKVN7Y	word_listen	words	1789660113	23	0	0	01M2QZ7CBQYZBX6PMJ0BXHZ7PW
01M2NKKGFKBSX69MFXHMJKVN7Y	word_in_line	words	1789660126	24	0	0	01M2QZ7CBQH8DP4X4XFJBA7W6E
01M2NKKGFKBSX69MFXHMJKVN7Y	word_listen	words	1789660136	25	0	0	01M2R0WAD4TPGTMGPB3MKH935Y
01M2NKKGFKBSX69MFXHMJKVN7Y	phrase_intro	phrases	1789662128	1	0	0	01M2QZ7CBQWRCVX0F71HTWJ8WE
01M2NKKGFKBSX69MFXHMJKVN7Y	phrase_intro	phrases	1789662144	2	0	0	01M2QZ7CBQEFZ0K8C8T99JPYB1
01M2NKKGFKBSX69MFXHMJKVN7Y	phrase_intro	phrases	1789662232	3	0	0	01M2QZ7CBQ4W78W0R2B6000VCY
01M2NKKGFKBSX69MFXHMJKVN7Y	phrase_choose_back	phrases	1789662270	4	0	0	01M2QZ7CBQAERMVJHRT10X3SQM
01M2NKKGFKBSX69MFXHMJKVN7Y	phrase_slot_listen	phrases	1789662275	5	0	0	01M2QZ7CBQSBNZ4800XZQMXGVX
01M2NKKGFKBSX69MFXHMJKVN7Y	phrase_intro	phrases	1789662285	6	0	0	01M2QZ7CBQB60WCF5FSXRDS4K3
01M2NKKGFKBSX69MFXHMJKVN7Y	phrase_slot_listen	phrases	1789662289	7	0	0	01M2QZ7CBQZD43X4JKNV9HPKHW
01M2NKKGFKBSX69MFXHMJKVN7Y	phrase_slot	phrases	1789662346	8	0	0	01M2QZ7CBQW46TH9830G4VNXSF
01M2NKKGFKBSX69MFXHMJKVN7Y	phrase_assemble	phrases	1789662366	9	0	0	01M2QZ7CBQB47JMG5R1A8GA09C
01M2NKKGFKBSX69MFXHMJKVN7Y	phrase_assemble	phrases	1789662388	10	0	0	01M2QZ7CBQ11JJDXBQJ0DRR39Q
01M2NKKGFKBSX69MFXHMJKVN7Y	phrase_intro	phrases	1789662453	11	0	0	01M2QZ7CBQAZEM3ZNDC2QN8VTF
01M2NKKGFKBSX69MFXHMJKVN7Y	phrase_slot	phrases	1789662462	12	0	0	01M2QZ7CBQ6KQPZ5PH5C1Y6XCY
01M2NKKGFKBSX69MFXHMJKVN7Y	phrase_choose_back	phrases	1789662476	13	0	0	01M2QZ7CBQAPYK2G2DDFQJ943S
01M2NKKGFKBSX69MFXHMJKVN7Y	phrase_slot	phrases	1789662497	14	0	0	01M2QZ7CBQJEZ3SNTSC8AD0Q7R
01M2NKKGFKBSX69MFXHMJKVN7Y	phrase_other_slot	phrases	1789662592	15	0	0	01M2QZ7CBQSR72641FPRMCNAXT
01M2NKKGFKBSX69MFXHMJKVN7Y	phrase_intro	phrases	1789662615	16	0	0	01M2QZ7CBQCTDHXP1B1424JGYP
01M2NKKGFKBSX69MFXHMJKVN7Y	phrase_slot_listen	phrases	1789662628	17	0	0	01M2QZ7CBQME023FA0EJFBPCYX
01M2NKKGFKBSX69MFXHMJKVN7Y	phrase_choose_back	phrases	1789662636	18	0	0	01M2QZ7CBQY9FGNX751J1A0SSV
01M2NKKGFKBSX69MFXHMJKVN7Y	phrase_other_slot	phrases	1789662647	19	0	0	01M2QZ7CBQV4GB210E1JD6KXCX
01M2NKKGFKBSX69MFXHMJKVN7Y	phrase_other_slot	phrases	1789662668	20	0	0	01M2QZ7CBQ9TKT16WGSMJENYD1
01M2NKKGFKBSX69MFXHMJKVN7Y	phrase_intro	phrases	1789662679	21	0	0	01M2QZ7CBQ4MBREJ21VMGKD0R6
01M2NKKGFKBSX69MFXHMJKVN7Y	phrase_slot	phrases	1789662687	22	0	0	01M2QZ7CBQ1CSYD6NM1DJ6K0CH
01M2NKKGFKBSX69MFXHMJKVN7Y	phrase_assemble	phrases	1789662701	23	0	0	01M2QZ7CBQV0XTBN39P7BE137D
01M2NKKGFKBSX69MFXHMJKVN7Y	phrase_slot_listen	phrases	1789662705	24	0	0	01M2QZ7CBQPAP68MV6PJ5EMR4A
01M2NKKGFKBSX69MFXHMJKVN7Y	phrase_choose_back	phrases	1789662711	25	0	0	01M2QZ7CBQFDVT1YNE9P0B4RSE
01M2NKKGFKBSX69MFXHMJKVN7Y	phrase_choose_back	phrases	1789662716	26	0	0	01M2QZ7CBQFAA4RSDZ2AWT2ZQ2
01M2NKKGFKBSX69MFXHMJKVN7Y	phrase_other_slot	phrases	1789662728	27	0	0	01M2QZ7CBQGG0DKWBGTSJ4KC2M
01M2NKKGFKBSX69MFXHMJKVN7Y	phrase_slot_listen	phrases	1789662733	28	0	0	01M2QZ7CBQX82GQHZ8VGT87NC2
01M2NKKGFKBSX69MFXHMJKVN7Y	phrase_other_slot	phrases	1789662750	29	0	0	01M2QZ7CBQN3SWCEF0YH2HDCF2
01M2NKKGFKBSX69MFXHMJKVN7Y	phrase_other_slot	phrases	1789662758	30	0	0	01M2QZ7CBQ61CA870EPRS497YS
01M2NKKGFKBSX69MFXHMJKVN7Y	phrase_other_slot	phrases	1789662767	31	0	0	01M2QZ7CBQHDJQD48SEE5N4B3P
01M2NKKGFKBSX69MFXHMJKVN7Y	dialogue_ask	dialogue	1789662779	1	0	0	01M2QZ7CBQEGKT7QBYWHA2TCAC
01M2NKKGFKBSX69MFXHMJKVN7Y	dialogue_partner	dialogue	1789663104	2	0	0	01M2QZ7CBQWARF3ET35YR9GQA1
01M2NKKGFKBSX69MFXHMJKVN7Y	dialogue_partner	dialogue	1789663121	3	0	0	01M2QZ7CBQGMK895WNXXKBDEKJ
01M2NKKGFKBSX69MFXHMJKVN7Y	dialogue_answer	dialogue	1789663133	4	0	0	01M2QZ7CBQM3GF12AK816H0TRY
01M2NKKGFKBSX69MFXHMJKVN7Y	dialogue_ask	dialogue	1789663196	5	0	0	01M2QZ7CBQ0JBCNFQQV4TQM2MN
01M2NKKGFKBSX69MFXHMJKVN7Y	dialogue_partner	dialogue	1789663208	6	0	0	01M2QZ7CBQN49RN97DS3S5F1FR
01M2NKKGFKBSX69MFXHMJKVN7Y	dialogue_partner	dialogue	1789663220	7	0	0	01M2QZ7CBQY44JMRAEE2GCZ2XP
01M2NKKGFKBSX69MFXHMJKVN7Y	dialogue_answer	dialogue	1789663229	8	0	0	01M2QZ7CBQEDJGXHKZ1A3NDR4R
01M2NKKGFKBSX69MFXHMJKVN7Y	dialogue_ask	dialogue	1789663263	9	0	0	01M2QZ7CBQ60MS4C0EX38M0Z37
01M2NKKGFKBSX69MFXHMJKVN7Y	dialogue_partner	dialogue	1789663304	10	0	0	01M2QZ7CBQTGHQ0YA6S39HHZNJ
01M2NKKGFKBSX69MFXHMJKVN7Y	dialogue_ask	dialogue	1789663310	11	0	0	01M2QZ7CBQS15PB4QD21F7PARJ
01M2NKKGFKBSX69MFXHMJKVN7Y	dialogue_partner	dialogue	1789663320	12	0	0	01M2QZ7CBQSFE22VJ15EJ9K6AJ
01M2NKKGFKBSX69MFXHMJKVN7Y	dialogue_ask	dialogue	1789663327	13	0	0	01M2QZ7CBQR8RSNE0P4D94QC4Q
01M2NKKGFKBSX69MFXHMJKVN7Y	dialogue_partner	dialogue	1789663339	14	0	0	01M2QZ7CBQ9J8H9TVZQV37NEJB
01M2NKKGFKBSX69MFXHMJKVN7Y	dialogue_partner	dialogue	1789663353	15	0	0	01M2QZ7CBR0G5KEXER9RXQM2E0
01M2NKKGFKBSX69MFXHMJKVN7Y	dialogue_answer	dialogue	1789663359	16	0	0	01M2QZ7CBRKA10FF0FQ3177733
01M2NKKGFKBSX69MFXHMJKVN7Y	listen_dialogue	listen	1789663492	1	0	0	01M2QZ7CBR99FQ6FKH38FBQ5Y5
01M2NKKGFKBSX69MFXHMJKVN7Y	listen_question	listen	1789663501	2	0	0	01M2QZ7CBR957NYA34BX1D8DXS
01M2NKKGFKBSX69MFXHMJKVN7Y	listen_question	listen	1789663512	3	0	0	01M2QZ7CBRXC93Q34XGF9KQDB4
01M2NKKGFKBSX69MFXHMJKVN7Y	listen_question	listen	1789663516	4	0	0	01M2QZ7CBRVVSE0TSAZ70X44S7
01M2NKKGFKBSX69MFXHMJKVN7Y	listen_question	listen	1789663522	5	0	0	01M2QZ7CBRM35EDW3JQG2YVV6B
01M2NKKGFKBSX69MFXHMJKVN7Y	listen_review	listen	1789663536	6	0	0	01M2QZ7CBR4JC1BNQSXE8S5J24
01M2NKKGFKBSX69MFXHMJKVN7Y	listen_predict	listen	1789663572	7	0	0	01M2QZ7CBRWQ90YFDNCG29HJRB
01M2NKKGFKBSX69MFXHMJKVN7Y	listen_predict	listen	1789663580	8	0	0	01M2QZ7CBRGPR6MF4PEQRDK9T5
01M2NKKGFKBSX69MFXHMJKVN7Y	listen_predict	listen	1789663591	9	0	0	01M2QZ7CBREPG3MAPCSH8EWXXY
01M2NKKGFKBSX69MFXHMJKVN7Y	listen_predict	listen	1789663698	10	0	0	01M2QZ7CBRW0CSKHCP40RM3Y5K
01M2NKKGFKBSX69MFXHMJKVN7Y	listen_predict	listen	1789663707	11	0	0	01M2QZ7CBR9EFYF4C7ZP8B7W19
01M2NKKGFKBSX69MFXHMJKVN7Y	listen_pace	listen	1789663722	12	0	0	01M2QZ7CBRYVQZSDC6X7Q6VSQJ
01M2NKKGFKBSX69MFXHMJKVN7Y	listen_number	listen	1789663833	13	0	0	01M2QZ7CBRRX4VWRGGVAQS7X7R
01M2NKKGFKBSX69MFXHMJKVN7Y	speak_answer	speak	1789663892	1	0	0	01M2QZ7CBRSWHQN5R7SC6NDV1R
01M2NKKGFKBSX69MFXHMJKVN7Y	speak_answer	speak	1789663910	2	0	0	01M2QZ7CBRT775B18S0XH2RHBW
01M2NKKGFKBSX69MFXHMJKVN7Y	speak_answer	speak	1789663925	3	0	0	01M2QZ7CBR0BQ3NHYA6N04WTXA
01M2NKKGFKBSX69MFXHMJKVN7Y	speak_answer	speak	1789663951	4	0	0	01M2QZ7CBRZN860YQBS9DZHHV3
01M2NKKGFKBSX69MFXHMJKVN7Y	speak_answer	speak	1789664090	5	0	0	01M2QZ7CBR9RQK0KT0FG34NW8J
01M2NKKGFKBSX69MFXHMJKVN7Y	speak_answer	speak	1789664099	6	0	0	01M2QZ7CBRFXQS01X940QS3NE8
01M2NKKGFKBSX69MFXHMJKVN7Y	speak_echo	speak	1789664156	7	0	0	01M2QZ7CBRWJSWGB5VMDFZ9SWH
01M2NKKGFKBSX69MFXHMJKVN7Y	speak_retell	speak	1789664258	8	0	0	01M2QZ7CBR0WVN6E9SWFW2E4PN
01M2NKKGFKJ42C1BERDPPCACH7	word_intro	words	1789492853	1	0	0	01M2NKRH040A4S2WDFPVP3R9S3
01M2NKKGFKJ42C1BERDPPCACH7	word_intro	words	1789492855	2	0	0	01M2NKRH041EGYMEF10ZB59VQK
01M2NKKGFKJ42C1BERDPPCACH7	word_repeat	words	1789492859	3	0	0	01M2NKRH04DEC9V3R3YFZHG12K
01M2NKKGFKJ42C1BERDPPCACH7	word_intro	words	1789492862	4	0	0	01M2NKRH04NS9MM22K9EBVMKME
01M2NKKGFKJ42C1BERDPPCACH7	word_repeat	words	1789492866	5	0	0	01M2NKRH04PXM6Z52PRS7J0VNM
01M2NKKGFKJ42C1BERDPPCACH7	word_listen	words	1789492869	6	0	0	01M2NKRH04EYJ97C1J71G9GZR2
01M2NKKGFKJ42C1BERDPPCACH7	word_intro	words	1789492872	7	0	0	01M2NKRH04JG635KSVF6QMQ1NY
01M2NKKGFKJ42C1BERDPPCACH7	word_repeat	words	1789492876	8	0	0	01M2NKRH043FA4130V2VA560PN
01M2NKKGFKJ42C1BERDPPCACH7	word_in_line	words	1789492881	9	0	0	01M2NKRH04VSM43WTXFFPQKGNS
01M2NKKGFKJ42C1BERDPPCACH7	word_intro	words	1789492883	10	0	0	01M2NKRH04S00TA0421FJ5VW68
01M2NKKGFKJ42C1BERDPPCACH7	word_repeat	words	1789492887	11	0	0	01M2NKRH045G32E6QGETW0Q4AM
01M2NKKGFKJ42C1BERDPPCACH7	word_listen	words	1789492891	12	0	0	01M2NKRH0458917SJCTYX3PCKY
01M2NKKGFKJ42C1BERDPPCACH7	word_intro	words	1789492893	13	0	0	01M2NKRH049NB0ZT4WM674J2FF
01M2NKKGFKJ42C1BERDPPCACH7	word_repeat	words	1789492908	14	0	0	01M2NKRH04XS4JVS54KXPX8T51
01M2NKKGFKJ42C1BERDPPCACH7	word_choose	words	1789492911	15	0	0	01M2NKRH04YBG0AJ5YQBGHRBFJ
01M2NKKGFKJ42C1BERDPPCACH7	word_intro	words	1789492913	16	0	0	01M2NKRH04RA7MCR66EBCAVP5E
01M2NKKGFKJ42C1BERDPPCACH7	word_repeat	words	1789492918	17	0	0	01M2NKRH04XGBG5P9RW75ANFYS
01M2NKKGFKJ42C1BERDPPCACH7	word_assemble	words	1789492926	18	0	0	01M2NKRH04J1W4V4F09AZ4FE87
01M2NKKGFKJ42C1BERDPPCACH7	word_intro	words	1789492928	19	0	0	01M2NKRH041D932CE62Q2QMAFS
01M2NKKGFKJ42C1BERDPPCACH7	word_repeat	words	1789492933	20	0	0	01M2NKRH049J52XVXC9WX329HK
01M2NKKGFKJ42C1BERDPPCACH7	word_assemble	words	1789492938	21	0	0	01M2NKRH046N86WYS7C9PZYYB9
01M2NKKGFKJ42C1BERDPPCACH7	word_repeat	words	1789492942	22	0	0	01M2NKRH04K759VWBJ5AH0NQ4E
01M2NKKGFKJ42C1BERDPPCACH7	word_in_line	words	1789492948	23	0	0	01M2NKRH045MP8QNN0R4H640N0
01M2NKKGFKJ42C1BERDPPCACH7	word_choose	words	1789492951	24	0	0	01M2NKRH04KNADBJFTT2ZQERHZ
01M2NKKGFKJ42C1BERDPPCACH7	phrase_intro	phrases	1789493003	1	0	0	01M2NKRH04M8JTTEYKVRY5EW22
01M2NKKGFKJ42C1BERDPPCACH7	phrase_intro	phrases	1789493022	2	0	0	01M2NKRH044ASTGA80FBKY7ZN6
01M2NKKGFKJ42C1BERDPPCACH7	phrase_intro	phrases	1789493049	3	0	0	01M2NKRH04JZ4MGKJC82PD02EP
01M2NKKGFKJ42C1BERDPPCACH7	phrase_slot_listen	phrases	1789493061	4	0	0	01M2NKRH04S1B56KA7YTEXBSQK
01M2NKKGFKJ42C1BERDPPCACH7	phrase_slot	phrases	1789493069	5	0	0	01M2NKRH04P6Z7DD9XCB7B03C8
01M2NKKGFKJ42C1BERDPPCACH7	phrase_intro	phrases	1789493086	6	0	0	01M2NKRH04PCFNC7NTHAHZ9XWF
01M2NKKGFKJ42C1BERDPPCACH7	phrase_repeat	phrases	1789493095	7	0	0	01M2NKRH04D9NK1X22Q3WEJYJ1
01M2NKKGFKJ42C1BERDPPCACH7	phrase_slot	phrases	1789493102	8	0	0	01M2NKRH04XABXTAFF4276RZJR
01M2NKKGFKJ42C1BERDPPCACH7	phrase_choose_back	phrases	1789493113	9	0	0	01M2NKRH0454ZVCY6H3APDHNMP
01M2NKKGFKJ42C1BERDPPCACH7	phrase_intro	phrases	1789493123	10	0	0	01M2NKRH042WW5JNVPDT23D8GD
01M2NKKGFKJ42C1BERDPPCACH7	phrase_choose_back	phrases	1789493130	11	0	0	01M2NKRH04W1Y9E3X0XHSEMAN9
01M2NKKGFKJ42C1BERDPPCACH7	phrase_choose_back	phrases	1789493167	12	0	0	01M2NKRH04X1XFM27ZQEM2MFK3
01M2NKKGFKJ42C1BERDPPCACH7	phrase_other_slot	phrases	1789493243	13	0	0	01M2NKRH04VSEGW8SGJ25XNKYZ
01M2NKKGFKJ42C1BERDPPCACH7	phrase_intro	phrases	1789493250	14	0	0	01M2NKRH04KF5WWH8DQMNPQ272
01M2NKKGFKJ42C1BERDPPCACH7	phrase_slot	phrases	1789493280	15	0	0	01M2NKRH04TTT0DP5M1NDVZ35W
01M2NKKGFKJ42C1BERDPPCACH7	phrase_slot_listen	phrases	1789493290	16	0	0	01M2NKRH043BFN1CVH0YZBC8RH
01M2NKKGFKJ42C1BERDPPCACH7	phrase_other_slot	phrases	1789493305	17	0	0	01M2NKRH04TDTAQSY5S45QKJ1Q
01M2NKKGFKJ42C1BERDPPCACH7	phrase_intro	phrases	1789493313	18	0	0	01M2NKRH04S3AKXHM0Z0P6BQCK
01M2NKKGFKJ42C1BERDPPCACH7	phrase_slot	phrases	1789493319	19	0	0	01M2NKRH049P38PXA0K346A78D
01M2NKKGFKJ42C1BERDPPCACH7	phrase_choose_back	phrases	1789493333	20	0	0	01M2NKRH04JFZR0G248V9VEG23
01M2NKKGFKJ42C1BERDPPCACH7	phrase_other_slot	phrases	1789493352	21	0	0	01M2NKRH04FT4GN344MHYSHZV0
01M2NKKGFKJ42C1BERDPPCACH7	phrase_intro	phrases	1789493360	22	0	0	01M2NKRH044K0EN6601ZWSF9G6
01M2NKKGFKJ42C1BERDPPCACH7	phrase_slot	phrases	1789493366	23	0	0	01M2NKRH04ZEN0QHFDX00FK3FW
01M2NKKGFKJ42C1BERDPPCACH7	phrase_choose_back	phrases	1789493370	24	0	0	01M2NKRH048KX5Y8XPK48F8BF4
01M2NKKGFKJ42C1BERDPPCACH7	phrase_choose_back	phrases	1789493378	25	0	0	01M2NKRH04B1C0MEKZAC9WP374
01M2NKKGFKJ42C1BERDPPCACH7	phrase_other_slot	phrases	1789493383	26	0	0	01M2NKRH053C0J9W58FMK2RZ2Q
01M2NKKGFKJ42C1BERDPPCACH7	phrase_choose_back	phrases	1789493389	27	0	0	01M2NKRH05WGDGR9A5YWW16GS4
01M2NKKGFKJ42C1BERDPPCACH7	phrase_slot_listen	phrases	1789493393	28	0	0	01M2NKRH05M9H0976P93C84N28
01M2NKKGFKJ42C1BERDPPCACH7	phrase_other_slot	phrases	1789493410	29	0	0	01M2NKRH058TTWP5VJB6X6WBDM
01M2NKKGFKJ42C1BERDPPCACH7	phrase_other_slot	phrases	1789493430	30	0	0	01M2NKRH05HHSY24FFM31ZJMPS
01M2NKKGFKJ42C1BERDPPCACH7	phrase_other_slot	phrases	1789493439	31	0	0	01M2NKRH055SHFKT4BF25NXM6G
01M2NKKGFKJ42C1BERDPPCACH7	phrase_combine	phrases	1789493460	32	0	0	01M2NKRH05Q03G5TRATPKQGTF6
01M2NKKGFKJ42C1BERDPPCACH7	phrase_slot	phrases	1789493469	33	0	0	01M2NM098413KK02G3K3CNVG5W
01M2NKKGFKJ42C1BERDPPCACH7	phrase_choose_back	phrases	1789493474	34	0	0	01M2NM8E6CNRWRJBH1NN3CY0GZ
01M2NKKGFKJ42C1BERDPPCACH7	dialogue_ask	dialogue	1789510315	1	0	0	01M2NKRH05VD78B5JN7HQTQ0VE
01M2NKKGFKJ42C1BERDPPCACH7	dialogue_partner	dialogue	1789510331	2	0	0	01M2NKRH052S5XZ13BDA3HQ79Z
01M2NKKGFKJ42C1BERDPPCACH7	dialogue_partner	dialogue	1789510336	3	0	0	01M2NKRH05MJW4RVWPPKWJAQ8B
01M2NKKGFKJ42C1BERDPPCACH7	dialogue_answer	dialogue	1789510346	4	0	0	01M2NKRH05DZXH2CQS4SDAY0RX
01M2NKKGFKJ42C1BERDPPCACH7	dialogue_ask	dialogue	1789510353	5	0	0	01M2NKRH05Y879NAPBTNZ38EGB
01M2NKKGFKJ42C1BERDPPCACH7	dialogue_partner	dialogue	1789510385	6	0	0	01M2NKRH05R60VKJGB1XJA4X2F
01M2NKKGFKJ42C1BERDPPCACH7	dialogue_ask	dialogue	1789510395	7	0	0	01M2NKRH0588Z4B3GH2MWK74QD
01M2NKKGFKJ42C1BERDPPCACH7	dialogue_partner	dialogue	1789510417	8	0	0	01M2NKRH0598SJT31GFSF6TY0K
01M2NKKGFKJ42C1BERDPPCACH7	dialogue_partner	dialogue	1789510432	9	0	0	01M2NKRH05XGCPQWY0K4AQCJSQ
01M2NKKGFKJ42C1BERDPPCACH7	dialogue_answer	dialogue	1789510439	10	0	0	01M2NKRH05VCYDN23HR46XAG3C
01M2NKKGFKJ42C1BERDPPCACH7	dialogue_ask	dialogue	1789510454	11	0	0	01M2NKRH05SXGZNY1S2ZRT8D7X
01M2NKKGFKJ42C1BERDPPCACH7	dialogue_partner	dialogue	1789510470	12	0	0	01M2NKRH05XS8WB0ARKTPM5BCR
01M2NKKGFKJ42C1BERDPPCACH7	dialogue_partner	dialogue	1789510486	13	0	0	01M2NKRH05B1YHMW7A26R18DN1
01M2NKKGFKJ42C1BERDPPCACH7	dialogue_answer	dialogue	1789510504	14	0	0	01M2NKRH050ATBBRMY95CBS98T
01M2NKKGFKJ42C1BERDPPCACH7	dialogue_ask	dialogue	1789510512	15	0	0	01M2NKRH05MESMHM9CRHZ3Z9R4
01M2NKKGFKJ42C1BERDPPCACH7	dialogue_partner	dialogue	1789510532	16	0	0	01M2NKRH05FV5KHNRS9FJ9GXWD
01M2NKKGFKJ42C1BERDPPCACH7	listen_dialogue	listen	1789510573	1	0	0	01M2NKRH05F6FJGSZAK6TAEKYG
01M2NKKGFKJ42C1BERDPPCACH7	listen_question	listen	1789510584	2	0	0	01M2NKRH05T645CQ6WTRHSS9FN
01M2NKKGFKJ42C1BERDPPCACH7	listen_question	listen	1789510590	3	0	0	01M2NKRH05HQY9YMPRZFMXM11P
01M2NKKGFKJ42C1BERDPPCACH7	listen_question	listen	1789510595	4	0	0	01M2NKRH058DV8EQKSJJY70TFY
01M2NKKGFKJ42C1BERDPPCACH7	listen_question	listen	1789510601	5	0	0	01M2NKRH05VDXNZ8P9A0ETSBHT
01M2NKKGFKJ42C1BERDPPCACH7	listen_review	listen	1789510608	6	0	0	01M2NKRH05VM4AX4J40W01NXTX
01M2NKKGFKJ42C1BERDPPCACH7	listen_predict	listen	1789510618	7	0	0	01M2NKRH058XVT1JV5Q07NBA5T
01M2NKKGFKJ42C1BERDPPCACH7	listen_predict	listen	1789510630	8	0	0	01M2NKRH05B68KJE4HZJ8ATQTB
01M2NKKGFKJ42C1BERDPPCACH7	listen_predict	listen	1789510642	9	0	0	01M2NKRH0586SDD0CJYKARG6VM
01M2NKKGFKJ42C1BERDPPCACH7	listen_predict	listen	1789510652	10	0	0	01M2NKRH05XM5GXGZ3VKYN3X09
01M2NKKGFKJ42C1BERDPPCACH7	listen_predict	listen	1789510658	11	0	0	01M2NKRH0567A74NAK1E41RZFR
01M2NKKGFKJ42C1BERDPPCACH7	listen_pace	listen	1789510673	12	0	0	01M2NKRH058JRG5JRHPDMCW6TJ
01M2NKKGFKJ42C1BERDPPCACH7	listen_number	listen	1789510681	13	0	0	01M2NKRH05MHMC0XD1YZCXZYSC
01M2NKKGFKJ42C1BERDPPCACH7	speak_answer	speak	1789510702	1	0	0	01M2NKRH056XMM9VQPPWNSMYW2
01M2NKKGFKJ42C1BERDPPCACH7	speak_answer	speak	1789510740	2	0	0	01M2NKRH0537HPMEN8M6TM1G6X
01M2NKKGFKJ42C1BERDPPCACH7	speak_answer	speak	1789510769	3	0	0	01M2NKRH05DC3YTF0851PNQWHY
01M2NKKGFKJ42C1BERDPPCACH7	speak_answer	speak	1789510808	4	0	0	01M2NKRH05RNYZ31AT6E1V33A4
01M2NKKGFKJ42C1BERDPPCACH7	speak_answer	speak	1789510818	5	0	0	01M2NKRH05SG2A1JFCPM1A2FQG
01M2NKKGFKJ42C1BERDPPCACH7	speak_answer	speak	1789510833	6	0	0	01M2NKRH056D4TK2CZEGDSTY8E
01M2NKKGFKJ42C1BERDPPCACH7	speak_echo	speak	1789510862	7	0	0	01M2NKRH05RCSJ6YT5JNKRQ9V5
01M2NKKGFKJ42C1BERDPPCACH7	speak_retell	speak	1789510879	8	0	0	01M2NKRH05RT8Q2JQJK8H6V9MD
01M2NPRKVGA7DCNA4KVSHB8A6Y	word_intro	words	1789582527	1	0	0	01M2NPWAYC9EKEYJKDE2R0P24Y
01M2NPRKVGA7DCNA4KVSHB8A6Y	word_intro	words	1789582529	2	0	0	01M2NPWAYC3R7XB3XVG5HE28BT
01M2NPRKVGA7DCNA4KVSHB8A6Y	word_repeat	words	1789582534	3	0	0	01M2NPWAYCT5KWV7RGA4E9FAE2
01M2NPRKVGA7DCNA4KVSHB8A6Y	word_intro	words	1789582537	4	0	0	01M2NPWAYCYRK3211BM31RSQXN
01M2NPRKVGA7DCNA4KVSHB8A6Y	word_repeat	words	1789582541	5	0	0	01M2NPWAYC62Y5FBZV505CBVSQ
01M2NPRKVGA7DCNA4KVSHB8A6Y	word_in_line	words	1789582550	6	0	0	01M2NPWAYCE3DGYBRYMRRQM8NA
01M2NPRKVGA7DCNA4KVSHB8A6Y	word_intro	words	1789582553	7	0	0	01M2NPWAYCHDCVX9RHQR6NDX5Y
01M2NPRKVGA7DCNA4KVSHB8A6Y	word_repeat	words	1789582556	8	0	0	01M2NPWAYC3ZAS65DEXNS7W9WH
01M2NPRKVGA7DCNA4KVSHB8A6Y	word_in_line	words	1789582559	9	0	0	01M2NPWAYCRA0E9YA8SVDXQ6S8
01M2NPRKVGA7DCNA4KVSHB8A6Y	word_intro	words	1789582562	10	0	0	01M2NPWAYCHY9R8YSRTMSJYE0N
01M2NPRKVGA7DCNA4KVSHB8A6Y	word_repeat	words	1789582567	11	0	0	01M2NPWAYC0FFE2QSDYYWEH01X
01M2NPRKVGA7DCNA4KVSHB8A6Y	word_choose	words	1789582570	12	0	0	01M2NPWAYCVAFVZYRBXN8M67S9
01M2NPRKVGA7DCNA4KVSHB8A6Y	word_intro	words	1789582573	13	0	0	01M2NPWAYCZHP5A3425F3HVKCK
01M2NPRKVGA7DCNA4KVSHB8A6Y	word_repeat	words	1789582578	14	0	0	01M2NPWAYCS22V5RNAZ5704RYX
01M2NPRKVGA7DCNA4KVSHB8A6Y	word_listen	words	1789582581	15	0	0	01M2NPWAYCVFZY2ZPESFSZ1DKA
01M2NPRKVGA7DCNA4KVSHB8A6Y	word_intro	words	1789582587	16	0	0	01M2NPWAYC5PC6VBEZN3RK8JHS
01M2NPRKVGA7DCNA4KVSHB8A6Y	word_repeat	words	1789582591	17	0	0	01M2NPWAYC805Z92SWPZVE00F5
01M2NPRKVGA7DCNA4KVSHB8A6Y	word_assemble	words	1789582596	18	0	0	01M2NPWAYCNQJ9HRB10ET8FHGW
01M2NPRKVGA7DCNA4KVSHB8A6Y	word_intro	words	1789582598	19	0	0	01M2NPWAYCYW709VEKDVQJAW11
01M2NPRKVGA7DCNA4KVSHB8A6Y	word_repeat	words	1789582602	20	0	0	01M2NPWAYC5VAMT1C6KK7DZW67
01M2NPRKVGA7DCNA4KVSHB8A6Y	word_choose	words	1789582606	21	0	0	01M2NPWAYCGNBDA9P13J8FGFK4
01M2NPRKVGA7DCNA4KVSHB8A6Y	word_repeat	words	1789582614	22	0	0	01M2NPWAYCYJQDAK4QW97WFJW4
01M2NPRKVGA7DCNA4KVSHB8A6Y	word_assemble	words	1789582619	23	0	0	01M2NPWAYCANZCGG684BD6NQDP
01M2NPRKVGA7DCNA4KVSHB8A6Y	word_listen	words	1789582623	24	0	0	01M2NPWAYCYX75PF0E7DVJSPZK
01M2NPRKVGA7DCNA4KVSHB8A6Y	word_choose	words	1789582626	25	0	0	01M2NPYZSXWPYKX84XWYHC058V
01M2NPRKVGA7DCNA4KVSHB8A6Y	phrase_intro	phrases	1789582640	1	0	0	01M2NPWAYCWH49947WFJR92XES
01M2NPRKVGA7DCNA4KVSHB8A6Y	phrase_intro	phrases	1789582644	2	0	0	01M2NPWAYCV4KTNWDB09A2MJMH
01M2NPRKVGA7DCNA4KVSHB8A6Y	phrase_intro	phrases	1789582657	3	0	0	01M2NPWAYCSB003FVKCY239VMZ
01M2NPRKVGA7DCNA4KVSHB8A6Y	phrase_slot_listen	phrases	1789582660	4	0	0	01M2NPWAYCVA92W0VYBTJFFAWC
01M2NPRKVGA7DCNA4KVSHB8A6Y	phrase_slot	phrases	1789582663	5	0	0	01M2NPWAYCVRG18W48SJN7MJ18
01M2NPRKVGA7DCNA4KVSHB8A6Y	phrase_intro	phrases	1789582669	6	0	0	01M2NPWAYC5QV5AQDY06E0P0E5
01M2NPRKVGA7DCNA4KVSHB8A6Y	phrase_repeat	phrases	1789582676	7	0	0	01M2NPWAYC664MC0VDAHXDACXA
01M2NPRKVGA7DCNA4KVSHB8A6Y	phrase_slot	phrases	1789582681	8	0	0	01M2NPWAYCZX5YDK8NH8ADH4AB
01M2NPRKVGA7DCNA4KVSHB8A6Y	phrase_repeat	phrases	1789582686	9	0	0	01M2NPWAYC0N2QJ1VZZW8V7DS1
01M2NPRKVGA7DCNA4KVSHB8A6Y	phrase_intro	phrases	1789582692	10	0	0	01M2NPWAYC5KR3D8Y6TSMSJRSN
01M2NPRKVGA7DCNA4KVSHB8A6Y	phrase_slot	phrases	1789582699	11	0	0	01M2NPWAYC796NBDE76K8QCRGN
01M2NPRKVGA7DCNA4KVSHB8A6Y	phrase_choose_back	phrases	1789582708	12	0	0	01M2NPWAYC33EJXH6HHZB73B8P
01M2NPRKVGA7DCNA4KVSHB8A6Y	phrase_intro	phrases	1789582716	13	0	0	01M2NPWAYCQV74B3E9K23GKZ3G
01M2NPRKVGA7DCNA4KVSHB8A6Y	phrase_choose_back	phrases	1789582719	14	0	0	01M2NPWAYCWP71ZM4JEJ1SJ3F2
01M2NPRKVGA7DCNA4KVSHB8A6Y	phrase_choose_back	phrases	1789582728	15	0	0	01M2NPWAYCFRYJP72Y18X5E8K4
01M2NPRKVGA7DCNA4KVSHB8A6Y	phrase_repeat	phrases	1789582739	16	0	0	01M2NPWAYCPBFSZXZCHK23R0J2
01M2NPRKVGA7DCNA4KVSHB8A6Y	phrase_intro	phrases	1789582747	17	0	0	01M2NPWAYCKNGQ2082CXSS635H
01M2NPRKVGA7DCNA4KVSHB8A6Y	phrase_choose_back	phrases	1789582752	18	0	0	01M2NPWAYCBH677FV7JENXK39A
01M2NPRKVGA7DCNA4KVSHB8A6Y	phrase_slot_listen	phrases	1789582754	19	0	0	01M2NPWAYCAWCEJSTD7NA456VB
01M2NPRKVGA7DCNA4KVSHB8A6Y	phrase_repeat	phrases	1789582769	20	0	0	01M2NPWAYCY3BB58PKZFBYH997
01M2NPRKVGA7DCNA4KVSHB8A6Y	phrase_intro	phrases	1789582775	21	0	0	01M2NPWAYCG1DD0FEWZ0RN4CJT
01M2NPRKVGA7DCNA4KVSHB8A6Y	phrase_choose_back	phrases	1789582779	22	0	0	01M2NPWAYCY9DSCY1Q00M52H8A
01M2NPRKVGA7DCNA4KVSHB8A6Y	phrase_slot_listen	phrases	1789582782	23	0	0	01M2NPWAYC7VEJCHSDM6TCC95S
01M2NPRKVGA7DCNA4KVSHB8A6Y	phrase_assemble	phrases	1789582788	24	0	0	01M2NPWAYCMNM70SCFE44SBF6A
01M2NPRKVGA7DCNA4KVSHB8A6Y	phrase_choose_back	phrases	1789582793	25	0	0	01M2NPWAYCYBECDMY0257ET3MF
01M2NPRKVGA7DCNA4KVSHB8A6Y	phrase_slot_listen	phrases	1789582795	26	0	0	01M2NPWAYCXEWBPYN9QR2WKTX6
01M2NPRKVGA7DCNA4KVSHB8A6Y	phrase_assemble	phrases	1789582822	27	0	0	01M2NPWAYCACDY85JJTY7BMJST
01M2NPRKVGA7DCNA4KVSHB8A6Y	phrase_repeat	phrases	1789582837	28	0	0	01M2NPWAYCR4GPMS8G2XPP8PJ4
01M2NPRKVGA7DCNA4KVSHB8A6Y	phrase_slot_listen	phrases	1789582837	29	0	0	01M2NPWAYC8HQ8TE7QRMX9G4PT
01M2NPRKVGA7DCNA4KVSHB8A6Y	phrase_repeat	phrases	1789582863	30	0	0	01M2NPWAYCNANJDS57H8WY5Z7J
01M2NPRKVGA7DCNA4KVSHB8A6Y	phrase_repeat	phrases	1789582884	31	0	0	01M2NPWAYC30C3SHEGVP3CMRY3
01M2NPRKVGA7DCNA4KVSHB8A6Y	phrase_repeat	phrases	1789582904	32	0	0	01M2NPWAYCSJPSFZNQVMY0ZRP0
01M2NPRKVGA7DCNA4KVSHB8A6Y	phrase_combine	phrases	1789582937	33	0	0	01M2NPWAYCZ7787VMNJD3JYC9R
01M2NPRKVGA7DCNA4KVSHB8A6Y	phrase_assemble	phrases	1789582946	34	0	0	01M2NQ5K0QKR90K9ZRDZHKZD4B
01M2NPRKVGA7DCNA4KVSHB8A6Y	phrase_slot_listen	phrases	1789582956	35	0	0	01M2NQ61X0VZRRBTMMDD3MDWAJ
01M2NPRKVGA7DCNA4KVSHB8A6Y	phrase_repeat	phrases	1789582972	36	0	0	01M2NQ7FZPAKJWXDJTYRDA7N26
01M2TJ8595N2T9HDQ8FX93QWPF	word_intro	words	1789745606	1	0	0	01M2TJD3FB31948G39M6XAC42P
01M2TJ8595N2T9HDQ8FX93QWPF	word_intro	words	1789745608	2	0	0	01M2TJD3FBMBW3NE8J5H785J9P
01M2TJ8595N2T9HDQ8FX93QWPF	word_repeat	words	1789745612	3	0	0	01M2TJD3FBKSRPE1ZZMF25Q19P
01M2TJ8595N2T9HDQ8FX93QWPF	word_intro	words	1789745615	4	0	0	01M2TJD3FBRXRW6XHATT864PHX
01M2TJ8595N2T9HDQ8FX93QWPF	word_repeat	words	1789745620	5	0	0	01M2TJD3FB803FGZXP801XYA2R
01M2TJ8595N2T9HDQ8FX93QWPF	word_listen	words	1789745627	6	0	0	01M2TJD3FB1PNZH5JHGYGA6DC0
01M2TJ8595N2T9HDQ8FX93QWPF	word_intro	words	1789745633	7	0	0	01M2TJD3FBDBM427WX5QNRKAKN
01M2TJ8595N2T9HDQ8FX93QWPF	word_repeat	words	1789745645	8	0	0	01M2TJD3FBNAM5K89D06391801
01M2TJ8595N2T9HDQ8FX93QWPF	word_in_line	words	1789745655	9	0	0	01M2TJD3FBHE3HAEZG3H02KHSV
01M2TJ8595N2T9HDQ8FX93QWPF	word_intro	words	1789745659	10	0	0	01M2TJD3FBJAEQ6DE1VTCX5V3P
01M2TJ8595N2T9HDQ8FX93QWPF	word_repeat	words	1789745669	11	0	0	01M2TJD3FBR28V8KWJHVW6FYQ4
01M2TJ8595N2T9HDQ8FX93QWPF	word_assemble	words	1789745677	12	0	0	01M2TJD3FBKWTH2BSAHSCDSVBQ
01M2TJ8595N2T9HDQ8FX93QWPF	word_intro	words	1789745680	13	0	0	01M2TJD3FB9MWDY487Y5SV91Q1
01M2TJ8595N2T9HDQ8FX93QWPF	word_repeat	words	1789745692	14	0	0	01M2TJD3FBGTFS40KEKVYF2F23
01M2TJ8595N2T9HDQ8FX93QWPF	word_choose	words	1789745759	15	0	0	01M2TJD3FBRGE5YN1QHGNZ3PRJ
01M2TJ8595N2T9HDQ8FX93QWPF	word_intro	words	1789745762	16	0	0	01M2TJD3FBSG88KXNSH9RNKCV6
01M2TJ8595N2T9HDQ8FX93QWPF	word_repeat	words	1789745767	17	0	0	01M2TJD3FB556GCH31C2N884WV
01M2TJ8595N2T9HDQ8FX93QWPF	word_listen	words	1789745771	18	0	0	01M2TJD3FB27Z4XG5W1N0NWS91
01M2TJ8595N2T9HDQ8FX93QWPF	word_intro	words	1789745775	19	0	0	01M2TJD3FB176JXWRDGW43339H
01M2TJ8595N2T9HDQ8FX93QWPF	word_repeat	words	1789745781	20	0	0	01M2TJD3FB3CK3E70R1RY9B4EC
01M2TJ8595N2T9HDQ8FX93QWPF	word_in_line	words	1789745787	21	0	0	01M2TJD3FBFE1CJ2CG5YXBFGY4
01M2TJ8595N2T9HDQ8FX93QWPF	word_repeat	words	1789745798	22	0	0	01M2TJD3FB4MZH2AK945C20RNM
01M2TJ8595N2T9HDQ8FX93QWPF	word_choose	words	1789745891	23	0	0	01M2TJD3FB82BHQ9CE7KQQ15J3
01M2TJ8595N2T9HDQ8FX93QWPF	word_assemble	words	1789745900	24	0	0	01M2TJD3FBS5WXWVH99X73NY78
01M2TJ8595N2T9HDQ8FX93QWPF	phrase_intro	phrases	1789746052	1	0	0	01M2TJD3FBGP4T19N4W6NS30KZ
01M2TJ8595N2T9HDQ8FX93QWPF	phrase_intro	phrases	1789746058	2	0	0	01M2TJD3FBDZGQWJ9EVBPTJ92N
01M2TJ8595N2T9HDQ8FX93QWPF	phrase_intro	phrases	1789746060	3	0	0	01M2TJD3FBT6RM6BY7BZRTRMPH
01M2TJ8595N2T9HDQ8FX93QWPF	phrase_slot_listen	phrases	1789746065	4	0	0	01M2TJD3FBF91PTWSHANZRR85C
01M2TJ8595N2T9HDQ8FX93QWPF	phrase_choose_back	phrases	1789746067	5	0	0	01M2TJD3FBK79M1RSA4DB98W2K
01M2TJ8595N2T9HDQ8FX93QWPF	phrase_intro	phrases	1789746082	6	0	0	01M2TJD3FB6DV9FN087Q9G3XX1
01M2TJ8595N2T9HDQ8FX93QWPF	phrase_assemble	phrases	1789746092	7	0	0	01M2TJD3FBK4XXGKEGD4E6Y0AH
01M2TJ8595N2T9HDQ8FX93QWPF	phrase_slot_listen	phrases	1789746094	8	0	0	01M2TJD3FBSE5C7M0M2HHFKR4G
01M2TJ8595N2T9HDQ8FX93QWPF	phrase_slot_listen	phrases	1789746097	9	0	0	01M2TJD3FBWBZQ4ZBWNP5VHNVM
01M2TJ8595N2T9HDQ8FX93QWPF	phrase_slot	phrases	1789746102	10	0	0	01M2TJD3FB200HAW8T4C4J6B8D
01M2TJ8595N2T9HDQ8FX93QWPF	phrase_intro	phrases	1789746115	11	0	0	01M2TJD3FBWDD9XBPSMFEM9TK3
01M2TJ8595N2T9HDQ8FX93QWPF	phrase_choose_back	phrases	1789746122	12	0	0	01M2TJD3FBWAHTNMNGRPX86R0E
01M2TJ8595N2T9HDQ8FX93QWPF	phrase_repeat	phrases	1789746139	13	0	0	01M2TJD3FB8BKST1XEH9Q08HH0
01M2TJ8595N2T9HDQ8FX93QWPF	phrase_assemble	phrases	1789746151	14	0	0	01M2TJD3FB39AMH5MZH9P21695
01M2TJ8595N2T9HDQ8FX93QWPF	phrase_other_slot	phrases	1789746169	15	0	0	01M2TJD3FB7P6K3MQFKFDSPSMT
01M2TJ8595N2T9HDQ8FX93QWPF	phrase_intro	phrases	1789746181	16	0	0	01M2TJD3FBKRFCCE2QNSB4HTJ7
01M2TJ8595N2T9HDQ8FX93QWPF	phrase_choose_back	phrases	1789746188	17	0	0	01M2TJD3FBBR2KPZQVVFH1PC0N
01M2TJ8595N2T9HDQ8FX93QWPF	phrase_slot_listen	phrases	1789746191	18	0	0	01M2TJD3FBYY82KDJKSFC4W42W
01M2TJ8595N2T9HDQ8FX93QWPF	phrase_other_slot	phrases	1789746469	19	0	0	01M2TJD3FBN1R9MV9XFZVMBP1X
01M2TJ8595N2T9HDQ8FX93QWPF	phrase_intro	phrases	1789746479	20	0	0	01M2TJD3FBGGF1AFHPZR84KFHW
01M2TJ8595N2T9HDQ8FX93QWPF	phrase_slot_listen	phrases	1789746482	21	0	0	01M2TJD3FBH7BQQV87MR493ZQH
01M2TJ8595N2T9HDQ8FX93QWPF	phrase_slot_listen	phrases	1789746485	22	0	0	01M2TJD3FBB320RD4AZJXS1SGK
01M2TJ8595N2T9HDQ8FX93QWPF	phrase_assemble	phrases	1789746506	23	0	0	01M2TJD3FB73ZKWDJM03BWBN05
01M2TJ8595N2T9HDQ8FX93QWPF	phrase_slot	phrases	1789746511	24	0	0	01M2TJD3FB3TY8WG47ZM6QVJVK
01M2TJ8595N2T9HDQ8FX93QWPF	phrase_assemble	phrases	1789746519	25	0	0	01M2TJD3FB81TDJ21RZDEKJJ27
01M2TJ8595N2T9HDQ8FX93QWPF	phrase_assemble	phrases	1789746543	26	0	0	01M2TJD3FB5F1GN7RHVBEKS1AP
01M2TJ8595N2T9HDQ8FX93QWPF	phrase_other_slot	phrases	1789746572	27	0	0	01M2TJD3FB1EEMVX3YF9P2KDDZ
01M2TJ8595N2T9HDQ8FX93QWPF	phrase_choose_back	phrases	1789746580	28	0	0	01M2TJD3FBW1DAJDQXA718C3DS
01M2TJ8595N2T9HDQ8FX93QWPF	phrase_slot	phrases	1789746586	29	0	0	01M2TJD3FBQE9APR7YG5YAVGM8
01M2TJ8595N2T9HDQ8FX93QWPF	phrase_other_slot	phrases	1789746620	30	0	0	01M2TJD3FB6TYVBBQ7T1YDS86K
01M2TJ8595N2T9HDQ8FX93QWPF	phrase_other_slot	phrases	1789746635	31	0	0	01M2TJD3FBKZY991W2CPHS9SN6
01M2TJ8595N2T9HDQ8FX93QWPF	phrase_other_slot	phrases	1789746642	32	0	0	01M2TJD3FBNGDC8VRMH0WX7T80
01M2TJ8595N2T9HDQ8FX93QWPF	phrase_repeat	phrases	1789746648	33	0	0	01M2TJXMT5TQ413N3NDN30QZHK
01M2TJ8595N2T9HDQ8FX93QWPF	phrase_other_slot	phrases	1789746654	34	0	0	01M2TJYJ1DWRYF7RP3Z565R5V3
01M2TJ8595N2T9HDQ8FX93QWPF	phrase_assemble	phrases	1789746666	35	0	0	01M2TK977QYZ24ABZH8JD9Z565
01M2TJ8595N2T9HDQ8FX93QWPF	phrase_assemble	phrases	1789746685	36	0	0	01M2TK9YXKACQ3DEZMK34Y8FF0
01M2TJ8595N2T9HDQ8FX93QWPF	phrase_other_slot	phrases	1789746692	37	0	0	01M2TKAVDY6V14MHRVJRPWSRA8
01M2TJ8595N2T9HDQ8FX93QWPF	dialogue_partner	dialogue	1789746701	1	0	0	01M2TJD3FBNQQ5GFRNER7KBC8F
01M2TJ8595N2T9HDQ8FX93QWPF	dialogue_answer	dialogue	1789746718	2	0	0	01M2TJD3FBNGNJ0RWTSKJTYQSV
01M2TJ8595N2T9HDQ8FX93QWPF	dialogue_ask	dialogue	1789746971	3	0	0	01M2TJD3FBY04093HDXPTJJW5A
01M2TJ8595N2T9HDQ8FX93QWPF	dialogue_ask	dialogue	1789746991	4	0	0	01M2TJD3FB3H1PEHGK2BEYSM8B
01M2TJ8595N2T9HDQ8FX93QWPF	dialogue_partner	dialogue	1789747038	5	0	0	01M2TJD3FBEWKXG9GPR8S2S7B0
01M2TJ8595N2T9HDQ8FX93QWPF	dialogue_answer	dialogue	1789747073	6	0	0	01M2TJD3FB3HKYNT7ZA7JK3V08
01M2TJ8595N2T9HDQ8FX93QWPF	dialogue_ask	dialogue	1789747086	7	0	0	01M2TJD3FBG0TW5YJ7TCD9N3JK
01M2TJ8595N2T9HDQ8FX93QWPF	dialogue_partner	dialogue	1789747182	8	0	0	01M2TJD3FB5WVGV1PQPJ9M2EYM
01M2TJ8595N2T9HDQ8FX93QWPF	dialogue_answer	dialogue	1789747202	9	0	0	01M2TJD3FBDGV0Z42X7FKZTP1V
01M2TSRM3N5A756XEX133A24CV	word_intro	words	1789753549	1	0	0	01M2TSZ7T7T7BQPBMWT2X6PHWV
01M2TSRM3N5A756XEX133A24CV	word_intro	words	1789753566	2	0	0	01M2TSZ7T7PDX6WXT2BC9VNX6K
01M2TSRM3N5A756XEX133A24CV	word_repeat	words	1789753575	3	0	0	01M2TSZ7T7DH40FG08FVJ0TZ4W
01M2TSRM3N5A756XEX133A24CV	word_intro	words	1789753578	4	0	0	01M2TSZ7T7WBN5V3QN9DSQ5E2H
01M2TSRM3N5A756XEX133A24CV	word_repeat	words	1789753582	5	0	0	01M2TSZ7T7NR0XHYW5P63FDN0M
01M2TSRM3N5A756XEX133A24CV	word_assemble	words	1789753586	6	0	0	01M2TSZ7T70MDN2HYRQBTRV7XM
01M2TSRM3N5A756XEX133A24CV	word_intro	words	1789753592	7	0	0	01M2TSZ7T70GSFVCRJAFPNH6RB
01M2TSRM3N5A756XEX133A24CV	word_repeat	words	1789753597	8	0	0	01M2TSZ7T75ZEWNX5X2DXDR4BF
01M2TSRM3N5A756XEX133A24CV	word_choose	words	1789753601	9	0	0	01M2TSZ7T7RMMJYYCZ69306KAP
01M2TSRM3N5A756XEX133A24CV	word_intro	words	1789753629	10	0	0	01M2TSZ7T71EFRW9WP93DPE7RN
01M2TSRM3N5A756XEX133A24CV	word_repeat	words	1789753634	11	0	0	01M2TSZ7T75VM5HJ4X82PBJDQK
01M2TSRM3N5A756XEX133A24CV	word_listen	words	1789753639	12	0	0	01M2TSZ7T7S75MD11YYFC1TXWS
01M2TSRM3N5A756XEX133A24CV	word_intro	words	1789753642	13	0	0	01M2TSZ7T7GFBHR39DEQJ8F91E
01M2TSRM3N5A756XEX133A24CV	word_repeat	words	1789753647	14	0	0	01M2TSZ7T77V5ME9D5J64MAMBR
01M2TSRM3N5A756XEX133A24CV	word_in_line	words	1789753673	15	0	0	01M2TSZ7T7CEVHVP0KF92Q3Y53
01M2TSRM3N5A756XEX133A24CV	word_intro	words	1789753675	16	0	0	01M2TSZ7T7KWQ7G8SEFCJTZJME
01M2TSRM3N5A756XEX133A24CV	word_repeat	words	1789753680	17	0	0	01M2TSZ7T7W26RGH864PC9RN6C
01M2TSRM3N5A756XEX133A24CV	word_assemble	words	1789753686	18	0	0	01M2TSZ7T74QJGY820MFS56XSB
01M2TSRM3N5A756XEX133A24CV	word_intro	words	1789753721	19	0	0	01M2TSZ7T7SBHRXYYRR45YJXAN
01M2TSRM3N5A756XEX133A24CV	word_repeat	words	1789753725	20	0	0	01M2TSZ7T7YFBY0G7TPXMZMZ7G
01M2TSRM3N5A756XEX133A24CV	word_choose	words	1789753728	21	0	0	01M2TSZ7T7T0BYJJD8QCTEPPE0
01M2TSRM3N5A756XEX133A24CV	word_repeat	words	1789753736	22	0	0	01M2TSZ7T7BH35X1YAT4F2NM73
01M2TSRM3N5A756XEX133A24CV	word_listen	words	1789753741	23	0	0	01M2TSZ7T7WW1Q1M5KHPJ4EEAW
01M2TSRM3N5A756XEX133A24CV	word_in_line	words	1789753749	24	0	0	01M2TSZ7T7QM2J9Y1X3K37Y68T
01M2TSRM3N5A756XEX133A24CV	phrase_intro	phrases	1789753772	1	0	0	01M2TSZ7T7B4PS4X84HA0WREYJ
01M2TSRM3N5A756XEX133A24CV	phrase_intro	phrases	1789753774	2	0	0	01M2TSZ7T7DB82WE9W0M1V82RP
01M2TSRM3N5A756XEX133A24CV	phrase_intro	phrases	1789753778	3	0	0	01M2TSZ7T79TQJD3A59MFZJ3YY
01M2TSRM3N5A756XEX133A24CV	phrase_choose_back	phrases	1789753827	4	0	0	01M2TSZ7T76GNTK0G49XVS43PF
01M2TSRM3N5A756XEX133A24CV	phrase_slot	phrases	1789753830	5	0	0	01M2TSZ7T75K5P8VJC0Q83EPMM
01M2TSRM3N5A756XEX133A24CV	phrase_intro	phrases	1789753836	6	0	0	01M2TSZ7T7RJJN72PAJ92777VH
01M2TSRM3N5A756XEX133A24CV	phrase_slot_listen	phrases	1789753841	7	0	0	01M2TSZ7T75TH00SDR4AT9SYAJ
01M2TSRM3N5A756XEX133A24CV	phrase_slot	phrases	1789753850	8	0	0	01M2TSZ7T7B8S8FH22RXGQN8R7
01M2TSRM3N5A756XEX133A24CV	phrase_repeat	phrases	1789753860	9	0	0	01M2TSZ7T7MJ7D156DAG4YEZNV
01M2TSRM3N5A756XEX133A24CV	phrase_other_slot	phrases	1789754140	10	0	0	01M2TSZ7T71RDFG3F0FGVQRYKJ
01M2TSRM3N5A756XEX133A24CV	phrase_intro	phrases	1789754235	11	0	0	01M2TSZ7T7A34V2EYEXF0RB06V
01M2TSRM3N5A756XEX133A24CV	phrase_choose_back	phrases	1789754242	12	0	0	01M2TSZ7T766G5P48CVCF5ZZ1P
01M2TSRM3N5A756XEX133A24CV	phrase_repeat	phrases	1789754260	13	0	0	01M2TSZ7T7BDQSGS7KCQTAVM6G
01M2TSRM3N5A756XEX133A24CV	phrase_intro	phrases	1789754268	14	0	0	01M2TSZ7T7HX6T280GYBQ38BAE
01M2TSRM3N5A756XEX133A24CV	phrase_slot_listen	phrases	1789754271	15	0	0	01M2TSZ7T752M94V9J9K4KBSAP
01M2TSRM3N5A756XEX133A24CV	phrase_slot_listen	phrases	1789754275	16	0	0	01M2TSZ7T730HZESM3NCC1SJM1
01M2TSRM3N5A756XEX133A24CV	phrase_intro	phrases	1789754283	17	0	0	01M2TSZ7T7GTFM1GDE0D4B81FM
01M2TSRM3N5A756XEX133A24CV	phrase_slot_listen	phrases	1789754286	18	0	0	01M2TSZ7T7GQSW71379K4CF95N
01M2TSRM3N5A756XEX133A24CV	phrase_assemble	phrases	1789754297	19	0	0	01M2TSZ7T750457PV88EYXNSB7
01M2TSRM3N5A756XEX133A24CV	phrase_slot	phrases	1789754303	20	0	0	01M2TSZ7T76W0M2PRKFE7GXWP7
01M2TSRM3N5A756XEX133A24CV	phrase_other_slot	phrases	1789754333	21	0	0	01M2TSZ7T7V2SZA57GG2SC6EEW
01M2TSRM3N5A756XEX133A24CV	phrase_assemble	phrases	1789754353	22	0	0	01M2TSZ7T7EM6XZZJG6D207P9M
01M2TSRM3N5A756XEX133A24CV	phrase_choose_back	phrases	1789754360	23	0	0	01M2TSZ7T7HMFR7M703ECZ5XE1
01M2TSRM3N5A756XEX133A24CV	phrase_other_slot	phrases	1789754391	24	0	0	01M2TSZ7T7CWADHGTNH94MEK37
01M2TSRM3N5A756XEX133A24CV	phrase_other_slot	phrases	1789754413	25	0	0	01M2TSZ7T795289PMX9BEYCTN4
01M2TSRM3N5A756XEX133A24CV	phrase_other_slot	phrases	1789754446	26	0	0	01M2TSZ7T7PN3ZDAEX4BST8G4N
01M2TSRM3N5A756XEX133A24CV	phrase_choose_back	phrases	1789754453	27	0	0	01M2TT87WWNDZ2B6DW3SPRKA6R
01M2TSRM3N5A756XEX133A24CV	phrase_assemble	phrases	1789754463	28	0	0	01M2TTR9QW5XDAK0R5SCE291C9
01M2TSRM3N5A756XEX133A24CV	dialogue_ask	dialogue	1789754607	1	0	0	01M2TSZ7T7Z0JF08E89BZ4SKV0
01M2TSRM3N5A756XEX133A24CV	dialogue_ask	dialogue	1789754651	2	0	0	01M2TSZ7T724RHV8DJW71BJ6PN
01M2TSRM3N5A756XEX133A24CV	dialogue_ask	dialogue	1789754699	3	0	0	01M2TSZ7T778HCVDDDCFGJ54KH
01M2TSRM3N5A756XEX133A24CV	dialogue_ask	dialogue	1789754821	4	0	0	01M2TSZ7T7YASBS6K0S5385WMT
01M2TSRM3N5A756XEX133A24CV	dialogue_partner	dialogue	1789754838	5	0	0	01M2TSZ7T7VKJ0D1YQ0H67PSVQ
01M2TSRM3N5A756XEX133A24CV	dialogue_answer	dialogue	1789754845	6	0	0	01M2TSZ7T7AZ78936DPV2YWXC3
01M2TSRM3N5A756XEX133A24CV	dialogue_ask	dialogue	1789754898	7	0	0	01M2TSZ7T7RTD7QCNR2SQTNNZ1
01M2TSRM3N5A756XEX133A24CV	dialogue_rescue	dialogue	1789754906	8	0	0	01M2TSZ7T7RAREPG0E01ATY8PD
01M2TSRM3N5A756XEX133A24CV	dialogue_ask	dialogue	1789754945	9	0	0	01M2TSZ7T7R1DB1NHC92MW85DK
01M2TSRM3N5A756XEX133A24CV	listen_dialogue	listen	1789755016	1	0	0	01M2TSZ7T7AH6HG0S1RWSPFZQ2
01M2TSRM3N5A756XEX133A24CV	listen_question	listen	1789755022	2	0	0	01M2TSZ7T7N46BV2C7C63KKAX4
01M2TSRM3N5A756XEX133A24CV	listen_question	listen	1789755031	3	0	0	01M2TSZ7T7V6E454AJ28T6PQB5
01M2TSRM3N5A756XEX133A24CV	listen_question	listen	1789755037	4	0	0	01M2TSZ7T79WQAJ5EK6DPY3M1P
01M2TSRM3N5A756XEX133A24CV	listen_question	listen	1789755051	5	0	0	01M2TSZ7T7X6NZKMSB4T4QS92Y
01M2TSRM3N5A756XEX133A24CV	listen_review	listen	1789755055	6	0	0	01M2TSZ7T7DWXQ2BDCP8X7YZW0
01M2TSRM3N5A756XEX133A24CV	listen_predict	listen	1789755085	7	0	0	01M2TSZ7T756WSTKENFV2RS9F4
01M2TSRM3N5A756XEX133A24CV	listen_predict	listen	1789755099	8	0	0	01M2TSZ7T7022KGWQ25TMWJ05E
01M2TSRM3N5A756XEX133A24CV	listen_predict	listen	1789755113	9	0	0	01M2TSZ7T7A2MQGEB2QYV5TZWT
01M2TSRM3N5A756XEX133A24CV	listen_predict	listen	1789755131	10	0	0	01M2TSZ7T7EA48F1Z3MTPEY9YW
01M2TSRM3N5A756XEX133A24CV	listen_predict	listen	1789755144	11	0	0	01M2TSZ7T8AYE445R3GW8ZJATJ
01M2TSRM3N5A756XEX133A24CV	listen_predict	listen	1789755167	12	0	0	01M2TSZ7T8D6ZM0ST60VPCY78T
01M2TSRM3N5A756XEX133A24CV	listen_pace	listen	1789755179	13	0	0	01M2TSZ7T8JXT5MDW8HMWCA4AX
01M2TSRM3N5A756XEX133A24CV	listen_number	listen	1789755186	14	0	0	01M2TSZ7T844J44X4W8PETFT65
01M2TSRM3N5A756XEX133A24CV	speak_answer	speak	1789755231	1	0	0	01M2TSZ7T8JFB52S75GEZ3JR25
01M2TSRM3N5A756XEX133A24CV	speak_answer	speak	1789755246	2	0	0	01M2TSZ7T853P0TFHG1NG9GTXK
01M2TSRM3N5A756XEX133A24CV	speak_answer	speak	1789755271	3	0	0	01M2TSZ7T8S70YVSWN1PKA87SZ
01M2TSRM3N5A756XEX133A24CV	speak_answer	speak	1789755287	4	0	0	01M2TSZ7T8F8CYZSA0EAYW1K1E
01M2TSRM3N5A756XEX133A24CV	speak_answer	speak	1789755308	5	0	0	01M2TSZ7T899ZEFZJZGNMGNKHN
01M2TSRM3N5A756XEX133A24CV	speak_answer	speak	1789756467	6	0	0	01M2TSZ7T86G33W20BGXK8VKZM
01M2TSRM3N5A756XEX133A24CV	speak_echo	speak	1789756524	7	0	0	01M2TSZ7T88GG5EWVRYN0DX2VC
01M2TSRM3N5A756XEX133A24CV	speak_retell	speak	1789756532	8	0	0	01M2TSZ7T86NAYCXKNSEKMG8HY
01M2TSRM3NN0GH7VG8SCMATWAG	word_intro	words	1789814173	1	0	0	01M2WKSK9YRN3T5DYC56BY5PG2
01M2TSRM3NN0GH7VG8SCMATWAG	word_intro	words	1789814178	2	0	0	01M2WKSK9Y6P4EEG7KNQ066ERE
01M2TSRM3NN0GH7VG8SCMATWAG	word_repeat	words	1789814183	3	0	0	01M2WKSK9YCXX23CRQ3FB3YF97
01M2TSRM3NN0GH7VG8SCMATWAG	word_intro	words	1789814186	4	0	0	01M2WKSK9YM3VTHH8GF2KQ7Z8X
01M2TSRM3NN0GH7VG8SCMATWAG	word_repeat	words	1789814193	5	0	0	01M2WKSK9YJYPFQE8JAHCK0WMV
01M2TSRM3NN0GH7VG8SCMATWAG	word_choose	words	1789814198	6	0	0	01M2WKSK9Y83HCBAKM2RJBQM1D
01M2TSRM3NN0GH7VG8SCMATWAG	word_intro	words	1789814202	7	0	0	01M2WKSK9YTRJ6K0XYA3AK7XPG
01M2TSRM3NN0GH7VG8SCMATWAG	word_repeat	words	1789814208	8	0	0	01M2WKSK9Y4241PNRZ1X8ZF4CE
01M2TSRM3NN0GH7VG8SCMATWAG	word_listen	words	1789814215	9	0	0	01M2WKSK9YFVRD551H490DY19C
01M2TSRM3NN0GH7VG8SCMATWAG	word_intro	words	1789814262	10	0	0	01M2WKSK9Y41XKZQ31Y4E8RPV1
01M2TSRM3NN0GH7VG8SCMATWAG	word_repeat	words	1789814302	11	0	0	01M2WKSK9YXY6ZMX0X4KCE123K
01M2TSRM3NN0GH7VG8SCMATWAG	word_in_line	words	1789814320	12	0	0	01M2WKSK9YC1Z94ZGBZ2BCP8VQ
01M2TSRM3NN0GH7VG8SCMATWAG	word_intro	words	1789814326	13	0	0	01M2WKSK9Y3MBS6KW4R5ZZF810
01M2TSRM3NN0GH7VG8SCMATWAG	word_repeat	words	1789814332	14	0	0	01M2WKSK9YKW4YGFX8GWJ35E2D
01M2TSRM3NN0GH7VG8SCMATWAG	word_choose	words	1789814335	15	0	0	01M2WKSK9YV74M2PTK5HJAZPWV
01M2TSRM3NN0GH7VG8SCMATWAG	word_intro	words	1789814339	16	0	0	01M2WKSK9Y520NY5AEH7JXQ4MJ
01M2TSRM3NN0GH7VG8SCMATWAG	word_repeat	words	1789814345	17	0	0	01M2WKSK9YNM79BM2S6KS9VZRZ
01M2TSRM3NN0GH7VG8SCMATWAG	word_assemble	words	1789814360	18	0	0	01M2WKSK9YZ0CFEAFRY5W52FJN
01M2TSRM3NN0GH7VG8SCMATWAG	word_intro	words	1789814363	19	0	0	01M2WKSK9YJDD20Q0TYTR3TF61
01M2TSRM3NN0GH7VG8SCMATWAG	word_repeat	words	1789814370	20	0	0	01M2WKSK9YEABM1XTV1FW9G0TT
01M2TSRM3NN0GH7VG8SCMATWAG	word_listen	words	1789814373	21	0	0	01M2WKSK9YXJ4KX8TMZ264W300
01M2TSRM3NN0GH7VG8SCMATWAG	word_repeat	words	1789814380	22	0	0	01M2WKSK9Y69JT7AH2C4KD642X
01M2TSRM3NN0GH7VG8SCMATWAG	word_assemble	words	1789814386	23	0	0	01M2WKSK9YYHMEJ2T1CKT1Y33A
01M2TSRM3NN0GH7VG8SCMATWAG	word_in_line	words	1789814460	24	0	0	01M2WKSK9Y4ESC6H0XFDVV1HW9
01M2TSRM3NN0GH7VG8SCMATWAG	phrase_intro	phrases	1789814479	1	0	0	01M2WKSK9YMBWYD4KHVAS97KZ0
01M2TSRM3NN0GH7VG8SCMATWAG	phrase_intro	phrases	1789814490	2	0	0	01M2WKSK9Y59MNJNDC181YVWBR
01M2TSRM3NN0GH7VG8SCMATWAG	phrase_intro	phrases	1789814500	3	0	0	01M2WKSK9YKHNE3P82GD8ZCQDB
01M2TSRM3NN0GH7VG8SCMATWAG	phrase_slot_listen	phrases	1789814504	4	0	0	01M2WKSK9YRMBPK79B5NMHADKZ
01M2TSRM3NN0GH7VG8SCMATWAG	phrase_slot	phrases	1789814512	5	0	0	01M2WKSK9YTBVRN4TA249DCR0J
01M2TSRM3NN0GH7VG8SCMATWAG	phrase_intro	phrases	1789814522	6	0	0	01M2WKSK9YAGR90ZNK6BSBZ7BV
01M2TSRM3NN0GH7VG8SCMATWAG	phrase_assemble	phrases	1789814529	7	0	0	01M2WKSK9Y0TSB985PJ8SP8TYQ
01M2TSRM3NN0GH7VG8SCMATWAG	phrase_choose_back	phrases	1789814544	8	0	0	01M2WKSK9YTHFT58RWMDD72MH6
01M2TSRM3NN0GH7VG8SCMATWAG	phrase_choose_back	phrases	1789814574	9	0	0	01M2WKSK9YR9SS1TVBZ7TD1W2Q
01M2TSRM3NN0GH7VG8SCMATWAG	phrase_slot	phrases	1789814579	10	0	0	01M2WKSK9YRMAC4GVNW5441CD8
01M2TSRM3NN0GH7VG8SCMATWAG	phrase_intro	phrases	1789814591	11	0	0	01M2WKSK9YA1BAQESMQS6NAHJJ
01M2TSRM3NN0GH7VG8SCMATWAG	phrase_slot	phrases	1789814599	12	0	0	01M2WKSK9Y0YP6NV6AY8T6QMJ2
01M2TSRM3NN0GH7VG8SCMATWAG	phrase_slot_listen	phrases	1789814605	13	0	0	01M2WKSK9Y2GV1118CN6QHPWVH
01M2TSRM3NN0GH7VG8SCMATWAG	phrase_other_slot	phrases	1789814633	14	0	0	01M2WKSK9Y8RSZD52MX7MPMPW1
01M2TSRM3NN0GH7VG8SCMATWAG	phrase_other_slot	phrases	1789814672	15	0	0	01M2WKSK9YD0N40F106T74BZ8S
01M2TSRM3NN0GH7VG8SCMATWAG	phrase_intro	phrases	1789814678	16	0	0	01M2WKSK9YVYXVZ04GX9EBGKK6
01M2TSRM3NN0GH7VG8SCMATWAG	phrase_choose_back	phrases	1789814682	17	0	0	01M2WKSK9YHGGPDNP93XG7R2V6
01M2TSRM3NN0GH7VG8SCMATWAG	phrase_choose_back	phrases	1789814691	18	0	0	01M2WKSK9YZGQJ16QCZRB1V5WJ
01M2TSRM3NN0GH7VG8SCMATWAG	phrase_other_slot	phrases	1789814743	19	0	0	01M2WKSK9YC1QXD42QWHZHP9PP
01M2TSRM3NN0GH7VG8SCMATWAG	phrase_intro	phrases	1789814753	20	0	0	01M2WKSK9YGYKV9GTCT4TE1F5B
01M2TSRM3NN0GH7VG8SCMATWAG	phrase_slot_listen	phrases	1789814756	21	0	0	01M2WKSK9Y10MDP6HERHERXBQZ
01M2TSRM3NN0GH7VG8SCMATWAG	phrase_slot_listen	phrases	1789814761	22	0	0	01M2WKSK9Y79GJ65WGWG84KYB1
01M2TSRM3NN0GH7VG8SCMATWAG	phrase_other_slot	phrases	1789814819	23	0	0	01M2WKSK9YA6XGAN628N0RKPWK
01M2TSRM3NN0GH7VG8SCMATWAG	phrase_intro	phrases	1789814835	24	0	0	01M2WKSK9YEXJES8BNEDA2ETH5
01M2TSRM3NN0GH7VG8SCMATWAG	phrase_slot	phrases	1789814839	25	0	0	01M2WKSK9YEGMDQC5ACQ6KZ500
01M2TSRM3NN0GH7VG8SCMATWAG	phrase_assemble	phrases	1789814847	26	0	0	01M2WKSK9YVJ7ZTSNMABV3JWDW
01M2TSRM3NN0GH7VG8SCMATWAG	phrase_slot_listen	phrases	1789814854	27	0	0	01M2WKSK9Y77NK7TZBKXN6XZF5
01M2TSRM3NN0GH7VG8SCMATWAG	phrase_other_slot	phrases	1789814890	28	0	0	01M2WKSK9YVZN2BTTHE048BXB7
01M2TSRM3NN0GH7VG8SCMATWAG	phrase_choose_back	phrases	1789814897	29	0	0	01M2WKSK9Y0MRGFB3B7ZVQZ7SB
01M2TSRM3NN0GH7VG8SCMATWAG	phrase_assemble	phrases	1789814918	30	0	0	01M2WKSK9Y4F8AXCJ8WF3ASE1Z
01M2TSRM3NN0GH7VG8SCMATWAG	phrase_other_slot	phrases	1789814980	31	0	0	01M2WKSK9YNZPA6GCERHJ7QJWP
01M2TSRM3NN0GH7VG8SCMATWAG	phrase_other_slot	phrases	1789815029	32	0	0	01M2WKSK9YD7EV1R3W516WNACF
01M2TSRM3NN0GH7VG8SCMATWAG	phrase_other_slot	phrases	1789815059	33	0	0	01M2WKSK9YTBMKGKEZQPNACZWA
01M2TSRM3NN0GH7VG8SCMATWAG	phrase_choose_back	phrases	1789815066	34	0	0	01M2WKSK9YGC3J2WVTZ4G5V4J2
01M2TSRM3NN0GH7VG8SCMATWAG	phrase_assemble	phrases	1789815082	35	0	0	01M2WM4Q0XEC0VBJ2A4SCJFWMD
01M2TSRM3NN0GH7VG8SCMATWAG	phrase_assemble	phrases	1789815094	36	0	0	01M2WMGK7V4H4CF98R4VREF2GJ
01M2TSRM3NN0GH7VG8SCMATWAG	phrase_choose_back	phrases	1789815100	37	0	0	01M2WMN4BKWMTDXCYC64Q0NGM8
01M2TSRM3NN0GH7VG8SCMATWAG	dialogue_ask	dialogue	1789816189	1	0	0	01M2WKSK9YG1A2XVBYZVJXR49Q
01M2TSRM3NN0GH7VG8SCMATWAG	dialogue_partner	dialogue	1789816199	2	0	0	01M2WKSK9Y67PZM939MB6F2NQN
01M2TSRM3NN0GH7VG8SCMATWAG	dialogue_answer	dialogue	1789816207	3	0	0	01M2WKSK9YX0AXVR5N38QZCEMN
01M2TSRM3NN0GH7VG8SCMATWAG	dialogue_ask	dialogue	1789816241	4	0	0	01M2WKSK9Y9ZVFN3Y9T8Y5M8RF
01M2TSRM3NN0GH7VG8SCMATWAG	dialogue_partner	dialogue	1789816249	5	0	0	01M2WKSK9YJK7G7Y9QKSBDEZYR
01M2TSRM3NN0GH7VG8SCMATWAG	dialogue_answer	dialogue	1789816257	6	0	0	01M2WKSK9YSMF0ZJC01WDFGZEC
01M2TSRM3NN0GH7VG8SCMATWAG	dialogue_ask	dialogue	1789816338	7	0	0	01M2WKSK9YMAQWY6SBA1G0N0BH
01M2TSRM3NN0GH7VG8SCMATWAG	dialogue_ask	dialogue	1789816356	8	0	0	01M2WKSK9YQJH7T9SAXSJGZ4AD
01M2TSRM3NN0GH7VG8SCMATWAG	dialogue_ask	dialogue	1789816383	9	0	0	01M2WKSK9YMQMJ9026E8DW17K2
01M2TSRM3NN0GH7VG8SCMATWAG	dialogue_partner	dialogue	1789816393	10	0	0	01M2WKSK9YQZ98J8022385SJF9
01M2TSRM3NN0GH7VG8SCMATWAG	dialogue_answer	dialogue	1789816401	11	0	0	01M2WKSK9YVRW191QJ0WPGGMN5
01M2TSRM3NN0GH7VG8SCMATWAG	listen_dialogue	listen	1789816545	1	0	0	01M2WKSK9YZG040Y91KP3WBBPQ
01M2TSRM3NN0GH7VG8SCMATWAG	listen_question	listen	1789816553	2	0	0	01M2WKSK9Y9QSKXF6QAF83GW33
01M2TSRM3NN0GH7VG8SCMATWAG	listen_question	listen	1789816560	3	0	0	01M2WKSK9YJMY5W2KVC4P9AZG9
01M2TSRM3NN0GH7VG8SCMATWAG	listen_question	listen	1789816572	4	0	0	01M2WKSK9YZ5FVD6AN29BYSBC9
01M2TSRM3NN0GH7VG8SCMATWAG	listen_question	listen	1789816582	5	0	0	01M2WKSK9Y0365M1ZEH3EQTSV4
01M2TSRM3NN0GH7VG8SCMATWAG	listen_review	listen	1789816589	6	0	0	01M2WKSK9YF067Z2CDSMTK9ZM6
01M2TSRM3NN0GH7VG8SCMATWAG	listen_predict	listen	1789816603	7	0	0	01M2WKSK9Y6XHVAD6TY8PRZ1MZ
01M2TSRM3NN0GH7VG8SCMATWAG	listen_predict	listen	1789816616	8	0	0	01M2WKSK9YRK4P9WJK62ZMBDHN
01M2TSRM3NN0GH7VG8SCMATWAG	listen_predict	listen	1789816627	9	0	0	01M2WKSK9YQ70VN8YEZD7FFCQ1
01M2TSRM3NN0GH7VG8SCMATWAG	listen_predict	listen	1789816636	10	0	0	01M2WKSK9YA9DFAZS9KK9A8DJM
01M2TSRM3NN0GH7VG8SCMATWAG	listen_predict	listen	1789816647	11	0	0	01M2WKSK9YZHE2AET233Y0VPMC
01M2TSRM3NN0GH7VG8SCMATWAG	listen_pace	listen	1789816660	12	0	0	01M2WKSK9Y8XET0AXEKK0B6K08
01M2TSRM3NN0GH7VG8SCMATWAG	listen_number	listen	1789816669	13	0	0	01M2WKSK9YEN2GYHDFHA9RSC5X
01M2TSRM3NN0GH7VG8SCMATWAG	speak_answer	speak	1789816929	1	0	0	01M2WKSK9Y5J7V7WX6XTNW97VH
01M2TSRM3NN0GH7VG8SCMATWAG	speak_answer	speak	1789817467	2	0	0	01M2WKSK9YG7FWJ37HVM2Z1NNE
01M2TSRM3NN0GH7VG8SCMATWAG	speak_answer	speak	1789817482	3	0	0	01M2WKSK9YJ1RTDAE64RR85QGH
01M2TSRM3NN0GH7VG8SCMATWAG	speak_answer	speak	1789817507	4	0	0	01M2WKSK9YCFN81P270Q7WTA6H
01M2TSRM3NN0GH7VG8SCMATWAG	speak_answer	speak	1789820395	5	0	0	01M2WKSK9YAMKNG010CTH3DM20
01M2TSRM3NN0GH7VG8SCMATWAG	speak_answer	speak	1789820408	6	0	0	01M2WKSK9YKXMB3FMCQ2ZBK4RZ
01M2TSRM3NN0GH7VG8SCMATWAG	speak_echo	speak	1789820461	7	0	0	01M2WKSK9Y2VFRMDKD0BF6YPTN
01M2TSRM3NN0GH7VG8SCMATWAG	speak_retell	speak	1789820471	8	0	0	01M2WKSK9YJ8VDG7D14XZ1MEP6
01M2TSRM3NR9TK19Y4FQ1SSEPK	speak_retell	recall	1790008911	2	0	0	01M32DG94WV2WRN2CG5Y8117VP
01M2TSRM3NR9TK19Y4FQ1SSEPK	speak_retell	recall	1790008923	3	0	0	01M32DG94WT0HN2Y2FTQ2SXG0A
01M2TSRM3NR9TK19Y4FQ1SSEPK	speak_retell	recall	1790008931	4	0	0	01M32DG94WJVVMYEPPDBRYR98K
01M2TSRM3NR9TK19Y4FQ1SSEPK	speak_retell	recall	1790008977	5	0	0	01M32DG94W30RQJADZ5BWC2PF0
01M2TSRM3NR9TK19Y4FQ1SSEPK	speak_retell	recall	1790008992	6	0	0	01M32DG94WTE4TQ817REKJRWN1
01M2TSRM3NR9TK19Y4FQ1SSEPK	speak_retell	recall	1790009001	7	0	0	01M32DG94WJGB2RXJ7X2C8GMTN
01M2WSW1H8G367N8EYMPKY9AB0	word_intro	words	1789900195	1	0	0	01M2Z5S7VDKKJGFS0TQGM5G9PD
01M2WSW1H8G367N8EYMPKY9AB0	word_intro	words	1789900197	2	0	0	01M2Z5S7VDMRGWT90M43N5130H
01M2WSW1H8G367N8EYMPKY9AB0	word_repeat	words	1789900202	3	0	0	01M2Z5S7VDB3AXRSBWZRE0HNTV
01M2WSW1H8G367N8EYMPKY9AB0	word_intro	words	1789900202	4	0	0	01M2Z5S7VDNZVWTSQMHXC3DDA7
01M2WSW1H8G367N8EYMPKY9AB0	word_repeat	words	1789900213	5	0	0	01M2Z5S7VD088AEJM9HYY2QN0A
01M2WSW1H8G367N8EYMPKY9AB0	word_listen	words	1789900219	6	0	0	01M2Z5S7VDXAHHXACTM5RWF435
01M2WSW1H8G367N8EYMPKY9AB0	word_intro	words	1789900221	7	0	0	01M2Z5S7VD7DREDY0RGBFR1RJ5
01M2WSW1H8G367N8EYMPKY9AB0	word_repeat	words	1789900226	8	0	0	01M2Z5S7VDBHMJRWYBNBHT9RWD
01M2WSW1H8G367N8EYMPKY9AB0	word_in_line	words	1789900234	9	0	0	01M2Z5S7VDQGH6A1YZM18T9FXP
01M2WSW1H8G367N8EYMPKY9AB0	word_intro	words	1789900236	10	0	0	01M2Z5S7VDN7PYEV3QG4EDC6GV
01M2WSW1H8G367N8EYMPKY9AB0	word_repeat	words	1789900240	11	0	0	01M2Z5S7VD1TSPVQDVECW6WYJ7
01M2WSW1H8G367N8EYMPKY9AB0	word_assemble	words	1789900254	12	0	0	01M2Z5S7VDESHNTE182JT16XAX
01M2WSW1H8G367N8EYMPKY9AB0	word_intro	words	1789900260	13	0	0	01M2Z5S7VDRV5JBMBT2X4KGJ4F
01M2WSW1H8G367N8EYMPKY9AB0	word_repeat	words	1789900264	14	0	0	01M2Z5S7VDHRXHRJGYEXXPV8KK
01M2WSW1H8G367N8EYMPKY9AB0	word_choose	words	1789900266	15	0	0	01M2Z5S7VDCYDZHCB51BD5Y396
01M2WSW1H8G367N8EYMPKY9AB0	word_intro	words	1789900269	16	0	0	01M2Z5S7VD9YM3W4ASH2ANBK4B
01M2WSW1H8G367N8EYMPKY9AB0	word_repeat	words	1789900275	17	0	0	01M2Z5S7VDAZ7VGXR4KARK000W
01M2WSW1H8G367N8EYMPKY9AB0	word_listen	words	1789900286	18	0	0	01M2Z5S7VDA4CM9ATVJ68C399P
01M2WSW1H8G367N8EYMPKY9AB0	word_intro	words	1789900288	19	0	0	01M2Z5S7VDGYCS8G9V5DG408TW
01M2WSW1H8G367N8EYMPKY9AB0	word_repeat	words	1789900294	20	0	0	01M2Z5S7VDS6XDF7YJ5098G73N
01M2WSW1H8G367N8EYMPKY9AB0	word_in_line	words	1789900299	21	0	0	01M2Z5S7VDZV2VSAESDJDMGBFX
01M2WSW1H8G367N8EYMPKY9AB0	word_repeat	words	1789900305	22	0	0	01M2Z5S7VDEF8DRYCQNEWY8V0C
01M2WSW1H8G367N8EYMPKY9AB0	word_assemble	words	1789900309	23	0	0	01M2Z5S7VD6S5RR5S7PJ62H6BM
01M2WSW1H8G367N8EYMPKY9AB0	word_choose	words	1789900313	24	0	0	01M2Z5S7VDQM96D7E7DZBAHWCY
01M2WSW1H8G367N8EYMPKY9AB0	phrase_intro	phrases	1789900321	1	0	0	01M2Z5S7VDH2WWY3TP5PABZH5F
01M2WSW1H8G367N8EYMPKY9AB0	phrase_intro	phrases	1789900326	2	0	0	01M2Z5S7VD3RK4R3V20CS3KJ9E
01M2WSW1H8G367N8EYMPKY9AB0	phrase_intro	phrases	1789900331	3	0	0	01M2Z5S7VDW72QRK3D3ZYYZYYD
01M2WSW1H8G367N8EYMPKY9AB0	phrase_choose_back	phrases	1789900335	4	0	0	01M2Z5S7VD779M3X9P7A8AMFFE
01M2WSW1H8G367N8EYMPKY9AB0	phrase_slot	phrases	1789900337	5	0	0	01M2Z5S7VDWG5X225T1XX6DSN3
01M2WSW1H8G367N8EYMPKY9AB0	phrase_intro	phrases	1789900343	6	0	0	01M2Z5S7VD9KEN16FDWQZQW4ZE
01M2WSW1H8G367N8EYMPKY9AB0	phrase_slot_listen	phrases	1789900345	7	0	0	01M2Z5S7VDDW4X8AQPWABYWAXJ
01M2WSW1H8G367N8EYMPKY9AB0	phrase_choose_back	phrases	1789900350	8	0	0	01M2Z5S7VDYQQWMQ71MEHYFF9E
01M2WSW1H8G367N8EYMPKY9AB0	phrase_choose_back	phrases	1789900353	9	0	0	01M2Z5S7VDJ0CNTHBSKRWG9E4F
01M2WSW1H8G367N8EYMPKY9AB0	phrase_repeat	phrases	1789900368	10	0	0	01M2Z5S7VD7DBE2CGXJCXFD70W
01M2WSW1H8G367N8EYMPKY9AB0	phrase_intro	phrases	1789900374	11	0	0	01M2Z5S7VD6KP0W92SB29P3RBV
01M2WSW1H8G367N8EYMPKY9AB0	phrase_slot_listen	phrases	1789900375	12	0	0	01M2Z5S7VDVVAWG5836FNPXRYH
01M2WSW1H8G367N8EYMPKY9AB0	phrase_repeat	phrases	1789900383	13	0	0	01M2Z5S7VDYKY1AJ7JZ3SSTT2T
01M2WSW1H8G367N8EYMPKY9AB0	phrase_slot_listen	phrases	1789900387	14	0	0	01M2Z5S7VDK669W0WFV6N3596W
01M2WSW1H8G367N8EYMPKY9AB0	phrase_intro	phrases	1789900391	15	0	0	01M2Z5S7VDPZW0E3BZRWZ6S347
01M2WSW1H8G367N8EYMPKY9AB0	phrase_slot_listen	phrases	1789900394	16	0	0	01M2Z5S7VDVWFFFEPJ3JTPAP8T
01M2WSW1H8G367N8EYMPKY9AB0	phrase_assemble	phrases	1789900403	17	0	0	01M2Z5S7VDWC9P69N0V4A2MWVX
01M2WSW1H8G367N8EYMPKY9AB0	phrase_repeat	phrases	1789900438	18	0	0	01M2Z5S7VD01R7TE250WE7H6H4
01M2WSW1H8G367N8EYMPKY9AB0	phrase_intro	phrases	1789900446	19	0	0	01M2Z5S7VDSN9GD1NSC2NXBBDG
01M2WSW1H8G367N8EYMPKY9AB0	phrase_choose_back	phrases	1789900449	20	0	0	01M2Z5S7VDPJ3GANX373Z2P0JV
01M2WSW1H8G367N8EYMPKY9AB0	phrase_assemble	phrases	1789900460	21	0	0	01M2Z5S7VDSRTMK9TMABGW9P0Z
01M2WSW1H8G367N8EYMPKY9AB0	phrase_slot	phrases	1789900464	22	0	0	01M2Z5S7VD9350YQZFKJ80XAZ8
01M2WSW1H8G367N8EYMPKY9AB0	phrase_repeat	phrases	1789900562	23	0	0	01M2Z5S7VDFSFY918MXBJ6V6V3
01M2WSW1H8G367N8EYMPKY9AB0	phrase_slot_listen	phrases	1789900564	24	0	0	01M2Z5S7VDR52F74TN8YFCWCDQ
01M2WSW1H8G367N8EYMPKY9AB0	phrase_choose_back	phrases	1789900569	25	0	0	01M2Z5S7VDW4ED6P4M0B0FFAQB
01M2WSW1H8G367N8EYMPKY9AB0	phrase_repeat	phrases	1789900682	26	0	0	01M2Z5S7VDTWPABKZRPMVYHRNP
01M2WSW1H8G367N8EYMPKY9AB0	phrase_repeat	phrases	1789900698	27	0	0	01M2Z5S7VD00T1AXG37HB1WX4R
01M2WSW1H8G367N8EYMPKY9AB0	phrase_repeat	phrases	1789900723	28	0	0	01M2Z5S7VDJX723029G4PGF9Z1
01M2WSW1H8G367N8EYMPKY9AB0	phrase_combine	phrases	1789900735	29	0	0	01M2Z5S7VD4KXNNVTVS2Z4MMF2
01M2WSW1H8G367N8EYMPKY9AB0	phrase_assemble	phrases	1789900742	30	0	0	01M2Z61D8RWZF34MYJ56TCWHAX
01M2WSW1H8G367N8EYMPKY9AB0	phrase_choose_back	phrases	1789900749	31	0	0	01M2Z66EKD85K1AA27V6CC7NY1
01M2WSW1H8G367N8EYMPKY9AB0	dialogue_partner	dialogue	1789900824	1	0	0	01M2Z5S7VD8Q7EX41NE7Z54QRE
01M2WSW1H8G367N8EYMPKY9AB0	dialogue_answer	dialogue	1789900828	2	0	0	01M2Z5S7VD4YN2MC974C496V2A
01M2WSW1H8G367N8EYMPKY9AB0	dialogue_partner	dialogue	1789900832	3	0	0	01M2Z5S7VD6NXFX7FW2P2GAP3W
01M2WSW1H8G367N8EYMPKY9AB0	dialogue_answer	dialogue	1789900837	4	0	0	01M2Z5S7VD5SJN313WDVF54SPC
01M2WSW1H8G367N8EYMPKY9AB0	dialogue_partner	dialogue	1789900846	5	0	0	01M2Z5S7VDXRCATE4N2ZZ09PJQ
01M2WSW1H8G367N8EYMPKY9AB0	dialogue_answer	dialogue	1789900848	6	0	0	01M2Z5S7VDQD7DJ1CQS9EAXKGE
01M2WSW1H8G367N8EYMPKY9AB0	dialogue_partner	dialogue	1789900856	7	0	0	01M2Z5S7VDYM0SFMNJH3862VCQ
01M2WSW1H8G367N8EYMPKY9AB0	dialogue_answer	dialogue	1789900858	8	0	0	01M2Z5S7VDE193D0V6BJYZ75WC
01M2WSW1H8G367N8EYMPKY9AB0	dialogue_ask	dialogue	1789900890	9	0	0	01M2Z5S7VDWPY2D5AVT22B0E2C
01M2WSW1H8G367N8EYMPKY9AB0	dialogue_ask	dialogue	1789900914	10	0	0	01M2Z5S7VD3G1K7R0YP2AMJJ5T
01M2WSW1H8G367N8EYMPKY9AB0	dialogue_ask	dialogue	1789900925	11	0	0	01M2Z5S7VDQBD1D6H4J0WHYVGB
01M2WSW1H8G367N8EYMPKY9AB0	dialogue_rescue	dialogue	1789900935	12	0	0	01M2Z5S7VD3FJAASAEYP0TY608
01M2WSW1H8G367N8EYMPKY9AB0	listen_dialogue	listen	1789900985	1	0	0	01M2Z5S7VD60N17H83YWMJNMPD
01M2WSW1H8G367N8EYMPKY9AB0	listen_question	listen	1789900987	2	0	0	01M2Z5S7VDXYR102TMARXC49SN
01M2WSW1H8G367N8EYMPKY9AB0	listen_question	listen	1789900992	3	0	0	01M2Z5S7VD3BHJM84Y3AQ2F1EC
01M2WSW1H8G367N8EYMPKY9AB0	listen_question	listen	1789900995	4	0	0	01M2Z5S7VD16MMF9CWXS8656TT
01M2WSW1H8G367N8EYMPKY9AB0	listen_question	listen	1789900997	5	0	0	01M2Z5S7VDZKVM9S2C5QJM8KS7
01M2WSW1H8G367N8EYMPKY9AB0	listen_review	listen	1789901000	6	0	0	01M2Z5S7VD6KSSAX4BDM8YNTHB
01M2WSW1H8G367N8EYMPKY9AB0	listen_predict	listen	1789901029	7	0	0	01M2Z5S7VDGDHPEGQDWC4GD0MD
01M2WSW1H8G367N8EYMPKY9AB0	listen_predict	listen	1789901088	8	0	0	01M2Z5S7VDSBSFD22Z02696P9W
01M2WSW1H8G367N8EYMPKY9AB0	listen_predict	listen	1789901103	9	0	0	01M2Z5S7VD0RAH6JGP3XGGFKA5
01M2WSW1H8G367N8EYMPKY9AB0	listen_pace	listen	1789901109	10	0	0	01M2Z5S7VDM0R1M3S3JBR348HW
01M2WSW1H8G367N8EYMPKY9AB0	listen_number	listen	1789901117	11	0	0	01M2Z5S7VD3MN365YP9R8A561V
01M2WSW1H8G367N8EYMPKY9AB0	speak_answer	speak	1789901163	1	0	0	01M2Z5S7VDR5KXM446872XZ14D
01M2WSW1H8G367N8EYMPKY9AB0	speak_answer	speak	1789901171	2	0	0	01M2Z5S7VDDJD5RF3ZH2944G92
01M2WSW1H8G367N8EYMPKY9AB0	speak_answer	speak	1789901193	3	0	0	01M2Z5S7VDB28QHYW40GB3MW7Z
01M2WSW1H8G367N8EYMPKY9AB0	speak_answer	speak	1789901211	4	0	0	01M2Z5S7VDP9Z45YQ7F7D6EZ2P
01M2WSW1H8G367N8EYMPKY9AB0	speak_answer	speak	1789901256	5	0	0	01M2Z5S7VDNTFN15Q84NGX36H5
01M2WSW1H8G367N8EYMPKY9AB0	speak_answer	speak	1789901281	6	0	0	01M2Z5S7VDANQ3N8AMFYTSFS2Z
01M2WSW1H8G367N8EYMPKY9AB0	speak_echo	speak	1789901294	7	0	0	01M2Z5S7VDAAEEYFSFR2EEJ51P
01M2WSW1H8G367N8EYMPKY9AB0	speak_retell	speak	1789901308	8	0	0	01M2Z5S7VD1M8C2CBEMJA8NWHR
01M32DX8QF4042C0CDVAY9P7DE	word_intro	words	1790009443	1	0	0	01M32E0RJFK97J99Q7SX43K7TN
01M32DX8QF4042C0CDVAY9P7DE	word_intro	words	1790009445	2	0	0	01M32E0RJFQ3VKQNVMTN6MGD74
01M32DX8QF4042C0CDVAY9P7DE	word_repeat	words	1790009451	3	0	0	01M32E0RJFMAYR96327BHM33R5
01M32DX8QF4042C0CDVAY9P7DE	word_intro	words	1790009455	4	0	0	01M32E0RJF0J56D2493DEPXCA1
01M32DX8QF4042C0CDVAY9P7DE	word_repeat	words	1790009461	5	0	0	01M32E0RJFHWTD21NGASKZ68WS
01M32DX8QF4042C0CDVAY9P7DE	word_choose	words	1790009463	6	0	0	01M32E0RJF4230W76TM9GZ6Z8M
01M32DX8QF4042C0CDVAY9P7DE	word_intro	words	1790009468	7	0	0	01M32E0RJFSGP97KRKABZTD5HJ
01M32DX8QF4042C0CDVAY9P7DE	word_repeat	words	1790009474	8	0	0	01M32E0RJFYQFGR8EP8DP7P6K9
01M32DX8QF4042C0CDVAY9P7DE	word_listen	words	1790009479	9	0	0	01M32E0RJF11BAAWDH4ETXKSSE
01M32DX8QF4042C0CDVAY9P7DE	word_intro	words	1790009481	10	0	0	01M32E0RJFD6BEEC9A4EB4WE8N
01M32DX8QF4042C0CDVAY9P7DE	word_repeat	words	1790009487	11	0	0	01M32E0RJF75172M4W8VE1Q3F8
01M32DX8QF4042C0CDVAY9P7DE	word_in_line	words	1790009492	12	0	0	01M32E0RJFQCPDRZK477CSTZ0K
01M32DX8QF4042C0CDVAY9P7DE	word_intro	words	1790009495	13	0	0	01M32E0RJFV2QEPMGHFACRW50Z
01M32DX8QF4042C0CDVAY9P7DE	word_repeat	words	1790009499	14	0	0	01M32E0RJFK6QP19A5R0R2D9VV
01M32DX8QF4042C0CDVAY9P7DE	word_assemble	words	1790009504	15	0	0	01M32E0RJFZMS83Y40VSQWB79A
01M32DX8QF4042C0CDVAY9P7DE	word_intro	words	1790009507	16	0	0	01M32E0RJFPMFMSCHY81195SQ7
01M32DX8QF4042C0CDVAY9P7DE	word_repeat	words	1790009511	17	0	0	01M32E0RJF2NW7WPG05MW1B1H9
01M32DX8QF4042C0CDVAY9P7DE	word_choose	words	1790009513	18	0	0	01M32E0RJF4SEP5DE7GEHG7YQ6
01M32DX8QF4042C0CDVAY9P7DE	word_intro	words	1790009518	19	0	0	01M32E0RJFW857G6B5VQGSM2HP
01M32DX8QF4042C0CDVAY9P7DE	word_repeat	words	1790009524	20	0	0	01M32E0RJFS9ZG1QSG18RVF9TJ
01M32DX8QF4042C0CDVAY9P7DE	word_listen	words	1790009526	21	0	0	01M32E0RJGP972QMD8EVWNYNPF
01M32DX8QF4042C0CDVAY9P7DE	word_repeat	words	1790009532	22	0	0	01M32E0RJGBJDWN8TFWB5DY47Z
01M32DX8QF4042C0CDVAY9P7DE	word_in_line	words	1790009539	23	0	0	01M32E0RJG9YQBGFRHHDP3HJV6
01M32DX8QF4042C0CDVAY9P7DE	word_assemble	words	1790009545	24	0	0	01M32E0RJG634S9VSY27N30KWR
01M32DX8QF4042C0CDVAY9P7DE	phrase_intro	phrases	1790009601	1	0	0	01M32E0RJGV8QA96744N9RADSA
01M32DX8QF4042C0CDVAY9P7DE	phrase_intro	phrases	1790009610	2	0	0	01M32E0RJG7KYPSAC7KAZX28KG
01M32DX8QF4042C0CDVAY9P7DE	phrase_intro	phrases	1790009618	3	0	0	01M32E0RJGVR6DN6AXZKR3EZ0D
01M32DX8QF4042C0CDVAY9P7DE	phrase_choose_back	phrases	1790009621	4	0	0	01M32E0RJGWSEPV0X32FS9V5K6
01M32DX8QF4042C0CDVAY9P7DE	phrase_slot_listen	phrases	1790009626	5	0	0	01M32E0RJG6JPZT5WADMWREGDW
01M32DX8QF4042C0CDVAY9P7DE	phrase_intro	phrases	1790009635	6	0	0	01M32E0RJGKXRN5HCFNMGW576F
01M32DX8QF4042C0CDVAY9P7DE	phrase_slot_listen	phrases	1790009638	7	0	0	01M32E0RJGGCDV5E5ZEDWP9MH6
01M32DX8QF4042C0CDVAY9P7DE	phrase_slot	phrases	1790009641	8	0	0	01M32E0RJG4XFK91YNZBGE4CA6
01M32DX8QF4042C0CDVAY9P7DE	phrase_assemble	phrases	1790009704	9	0	0	01M32E0RJG2TA2CQ8FYFM21EPM
01M32DX8QF4042C0CDVAY9P7DE	phrase_other_slot	phrases	1790009764	10	3	0	01M32E0RJGC4GVF5Q17MK4D4YX
01M32DX8QF4042C0CDVAY9P7DE	phrase_intro	phrases	1790009772	11	0	0	01M32E0RJGMPPN6B9BSSRH020M
01M32DX8QF4042C0CDVAY9P7DE	phrase_slot_listen	phrases	1790009776	12	0	0	01M32E0RJGZ1G1JWBNYYX69SC9
01M32DX8QF4042C0CDVAY9P7DE	phrase_choose_back	phrases	1790009781	13	0	0	01M32E0RJGSRAWMWYNXJGS81G7
01M32DX8QF4042C0CDVAY9P7DE	phrase_other_slot	phrases	1790009817	14	2	0	01M32E0RJGDB5S2V4JATYM2VE3
01M32DX8QF4042C0CDVAY9P7DE	phrase_intro	phrases	1790009823	15	0	0	01M32E0RJG36C1824WQN57BFDQ
01M32DX8QF4042C0CDVAY9P7DE	phrase_slot	phrases	1790009827	16	0	0	01M32E0RJGYZRB1CKZNFJZTCBJ
01M32DX8QF4042C0CDVAY9P7DE	phrase_assemble	phrases	1790009847	17	0	0	01M32E0RJGZW2HN27HBKBHKTE2
01M32DX8QF4042C0CDVAY9P7DE	phrase_other_slot	phrases	1790009875	18	2	0	01M32E0RJG8CHJD2BGZG83EVFB
01M32DX8QF4042C0CDVAY9P7DE	phrase_intro	phrases	1790009881	19	0	0	01M32E0RJGGE5JRF8ZGVTFSVAZ
01M32DX8QF4042C0CDVAY9P7DE	phrase_slot	phrases	1790009889	20	0	0	01M32E0RJGHQWJGNZYE8PPEM19
01M32DX8QF4042C0CDVAY9P7DE	phrase_choose_back	phrases	1790009893	21	0	0	01M32E0RJGV5WB2X62C00Q1FNW
01M32DX8QF4042C0CDVAY9P7DE	phrase_choose_back	phrases	1790009897	22	0	0	01M32E0RJGYFFNS3EVYKH2MW6C
01M32DX8QF4042C0CDVAY9P7DE	phrase_other_slot	phrases	1790009993	23	2	0	01M32E0RJGM2FVANATCSDACJZ9
01M32DX8QF4042C0CDVAY9P7DE	phrase_choose_back	phrases	1790009997	24	0	0	01M32E0RJGCYM93A7Z6B8125HQ
01M32DX8QF4042C0CDVAY9P7DE	phrase_slot_listen	phrases	1790010001	25	0	0	01M32E0RJGD005YBV9K5KYAAMF
01M32DX8QF4042C0CDVAY9P7DE	phrase_other_slot	phrases	1790010026	26	2	0	01M32E0RJGD7180SP1FV707BH6
01M32DX8QF4042C0CDVAY9P7DE	phrase_other_slot	phrases	1790010087	27	2	0	01M32E0RJGJVRCAX6HS2QFTF3M
01M32DX8QF4042C0CDVAY9P7DE	phrase_other_slot	phrases	1790010099	28	2	0	01M32E0RJGRV8WPVT76SC5BCK7
01M32DX8QF4042C0CDVAY9P7DE	phrase_combine	phrases	1790010119	29	0	0	01M32E0RJGV4YWP1HNTERRZFP2
01M32DX8QF4042C0CDVAY9P7DE	phrase_assemble	phrases	1790010140	30	0	0	01M32E8ZR4MSETDR4R9NDR6J1B
01M32DX8QF4042C0CDVAY9P7DE	dialogue_ask	dialogue	1790010218	1	0	0	01M32E0RJG14FWTH4HGTP0EXYV
01M32DX8QF4042C0CDVAY9P7DE	dialogue_ask	dialogue	1790010236	2	0	0	01M32E0RJG7SAJ75GZDVGVQAQ7
01M32DX8QF4042C0CDVAY9P7DE	dialogue_partner	dialogue	1790010248	3	0	0	01M32E0RJGHWNWJ6425NNAK47D
01M32DX8QF4042C0CDVAY9P7DE	dialogue_answer	dialogue	1790010256	4	0	0	01M32E0RJGR7DMRR1Y4E72KR91
01M32DX8QF4042C0CDVAY9P7DE	dialogue_partner	dialogue	1790010276	5	0	0	01M32E0RJGTP0BPDW2G61EQ0RD
01M32DX8QF4042C0CDVAY9P7DE	dialogue_answer	dialogue	1790010282	6	0	0	01M32E0RJGTE8VKCPXNTVVMW6Y
01M32DX8QF4042C0CDVAY9P7DE	dialogue_ask	dialogue	1790010297	7	0	0	01M32E0RJGX3DMBAS1MTHC1QBK
01M32DX8QF4042C0CDVAY9P7DE	dialogue_partner	dialogue	1790010313	8	0	0	01M32E0RJGDCS6EV2694GCBTAB
01M32DX8QF4042C0CDVAY9P7DE	dialogue_rescue	dialogue	1790010368	9	0	0	01M32E0RJGXBZVMASBA5843WJB
01M32DX8QF4042C0CDVAY9P7DE	dialogue_answer	dialogue	1790010381	10	0	0	01M32E0RJG51GFJK31GYSM0CX5
01M32DX8QF4042C0CDVAY9P7DE	dialogue_ask	dialogue	1790010397	11	0	0	01M32E0RJGGNAPQ1KJ4898C5E5
01M32DX8QF4042C0CDVAY9P7DE	listen_dialogue	listen	1790010516	1	0	0	01M32E0RJGN8T099VDRXWSC9DH
01M32DX8QF4042C0CDVAY9P7DE	listen_question	listen	1790010520	2	0	0	01M32E0RJGFMNG82MSQC5JSZEE
01M32DX8QF4042C0CDVAY9P7DE	listen_question	listen	1790010527	3	0	0	01M32E0RJG3RE01CB8MR8WXX7V
01M32DX8QF4042C0CDVAY9P7DE	listen_question	listen	1790010537	4	0	0	01M32E0RJGC7ZCQMFJGH1YFATA
01M32DX8QF4042C0CDVAY9P7DE	listen_question	listen	1790010540	5	0	0	01M32E0RJGZVZWZVYD3KKNAVNP
01M32DX8QF4042C0CDVAY9P7DE	listen_review	listen	1790010542	6	0	0	01M32E0RJGY2SSCTWF5E97K4EV
01M32DX8QF4042C0CDVAY9P7DE	listen_predict	listen	1790010556	7	0	0	01M32E0RJGX4BY6X085YM68EY5
01M32DX8QF4042C0CDVAY9P7DE	listen_predict	listen	1790010567	8	0	0	01M32E0RJG1Q026ZRNX4MG3CTN
01M32DX8QF4042C0CDVAY9P7DE	listen_predict	listen	1790010581	9	0	0	01M32E0RJG67PVMZNMEYHATEGM
01M32DX8QF4042C0CDVAY9P7DE	listen_predict	listen	1790010597	10	0	0	01M32E0RJGZKDEK4ZVT31WT425
01M32DX8QF4042C0CDVAY9P7DE	listen_pace	listen	1790010606	11	0	0	01M32E0RJGX1T5AB06ZCN9Y1HK
01M32DX8QF4042C0CDVAY9P7DE	listen_number	listen	1790010610	12	0	0	01M32E0RJG7MQPAEGPKH7VJQKT
01M32DX8QF4042C0CDVAY9P7DE	speak_answer	speak	1790010649	1	0	0	01M32E0RJG7EYHCCCGN7BPZHP7
01M32DX8QF4042C0CDVAY9P7DE	speak_answer	speak	1790010665	2	0	0	01M32E0RJG6ECV044Z3FHBJEC9
01M32DX8QF4042C0CDVAY9P7DE	speak_answer	speak	1790010777	3	0	0	01M32E0RJGG3PSGX3RAXFKAKVC
01M32DX8QF4042C0CDVAY9P7DE	speak_answer	speak	1790010840	4	0	0	01M32E0RJG4SVN03HW5V38V2SY
01M32DX8QF4042C0CDVAY9P7DE	speak_answer	speak	1790010856	5	0	0	01M32E0RJGPS7CPGQ1ZH35ND6M
01M32DX8QF4042C0CDVAY9P7DE	speak_answer	speak	1790010892	6	0	0	01M32E0RJGGH5CZDK6HD6VH4D6
01M32DX8QF4042C0CDVAY9P7DE	speak_echo	speak	1790010988	7	0	0	01M32E0RJGAFG7T8KZQRMFP8PX
01M32DX8QF4042C0CDVAY9P7DE	speak_retell	speak	1790011048	8	0	0	01M32E0RJGVQ454W5GK3QYB32V
01M32DX8QF5SQ3BMJ8R4PDD7R8	word_intro	words	1790079116	1	0	0	01M34GF5GVQXAZ0XHWT8P0M9HS
01M32DX8QF5SQ3BMJ8R4PDD7R8	word_intro	words	1790079118	2	0	0	01M34GF5GVP54CHWX3FK0AEYDB
01M32DX8QF5SQ3BMJ8R4PDD7R8	word_repeat	words	1790079123	3	0	0	01M34GF5GV7DNG1CRXN3CCPCQE
01M32DX8QF5SQ3BMJ8R4PDD7R8	word_intro	words	1790079126	4	0	0	01M34GF5GV5JXZB1EZYZ3EK4HG
01M32DX8QF5SQ3BMJ8R4PDD7R8	word_repeat	words	1790079131	5	0	0	01M34GF5GVPZC6Q0TN2HYYQQP0
01M32DX8QF5SQ3BMJ8R4PDD7R8	word_assemble	words	1790079136	6	0	0	01M34GF5GVTZSS8QRN5X8QG4Q8
01M32DX8QF5SQ3BMJ8R4PDD7R8	word_intro	words	1790079139	7	0	0	01M34GF5GV4G2WDWG2XV4AZHHV
01M32DX8QF5SQ3BMJ8R4PDD7R8	word_repeat	words	1790079145	8	0	0	01M34GF5GVRJNQ835D0Y0H2HGF
01M32DX8QF5SQ3BMJ8R4PDD7R8	word_choose	words	1790079147	9	0	0	01M34GF5GV0FBYMDHS45HD6W73
01M32DX8QF5SQ3BMJ8R4PDD7R8	word_intro	words	1790079149	10	0	0	01M34GF5GVE9MG6RVSW5FQRZS9
01M32DX8QF5SQ3BMJ8R4PDD7R8	word_repeat	words	1790079153	11	0	0	01M34GF5GVSCYWA8ZTZDDGS22M
01M32DX8QF5SQ3BMJ8R4PDD7R8	word_listen	words	1790079156	12	0	0	01M34GF5GV2B7THPZSYQNZT7NE
01M32DX8QF5SQ3BMJ8R4PDD7R8	word_intro	words	1790079159	13	0	0	01M34GF5GVPYF1MCJXEQ86KB0V
01M32DX8QF5SQ3BMJ8R4PDD7R8	word_repeat	words	1790079164	14	0	0	01M34GF5GVH9FMA7NT8GC8BJ3M
01M32DX8QF5SQ3BMJ8R4PDD7R8	word_in_line	words	1790079167	15	0	0	01M34GF5GVRPXSJDNTRMG06GP5
01M32DX8QF5SQ3BMJ8R4PDD7R8	word_intro	words	1790079170	16	0	0	01M34GF5GVVHPRACEFNH9RMM51
01M32DX8QF5SQ3BMJ8R4PDD7R8	word_repeat	words	1790079175	17	0	0	01M34GF5GVEAEC67DXTWF4XBD9
01M32DX8QF5SQ3BMJ8R4PDD7R8	word_choose	words	1790079177	18	0	0	01M34GF5GVWD2TVR8E5HWPCVSS
01M32DX8QF5SQ3BMJ8R4PDD7R8	word_intro	words	1790079180	19	0	0	01M34GF5GVCH6QHYNK6ABZRM1B
01M32DX8QF5SQ3BMJ8R4PDD7R8	word_repeat	words	1790079184	20	0	0	01M34GF5GV3XPV4FQK1H732SX8
01M32DX8QF5SQ3BMJ8R4PDD7R8	word_assemble	words	1790079191	21	0	0	01M34GF5GVN70DDQF2VQ5SD050
01M32DX8QF5SQ3BMJ8R4PDD7R8	word_repeat	words	1790079197	22	0	0	01M34GF5GV6BXTE2NEFE8KJTSZ
01M32DX8QF5SQ3BMJ8R4PDD7R8	word_listen	words	1790079200	23	0	0	01M34GF5GVYM5NWRE7XF7JCH7Z
01M32DX8QF5SQ3BMJ8R4PDD7R8	word_in_line	words	1790079206	24	0	0	01M34GF5GV3MBFWN4JFN7TEBGG
01M32DX8QF5SQ3BMJ8R4PDD7R8	phrase_intro	phrases	1790079254	1	0	0	01M34GF5GV6RNF11H6QRYJNF40
01M32DX8QF5SQ3BMJ8R4PDD7R8	phrase_intro	phrases	1790079263	2	0	0	01M34GF5GVF7MTE9841WR7ZT0J
01M32DX8QF5SQ3BMJ8R4PDD7R8	phrase_intro	phrases	1790079271	3	0	0	01M34GF5GV1MCJH02A2F8N409P
01M32DX8QF5SQ3BMJ8R4PDD7R8	phrase_slot_listen	phrases	1790079274	4	0	0	01M34GF5GVN3BV4BAZHMCVHC5S
01M32DX8QF5SQ3BMJ8R4PDD7R8	phrase_choose_back	phrases	1790079279	5	0	0	01M34GF5GV0S7MR9M3CW2EC9EH
01M32DX8QF5SQ3BMJ8R4PDD7R8	phrase_intro	phrases	1790079292	6	0	0	01M34GF5GVXVHEQBV06PCCWMYY
01M32DX8QF5SQ3BMJ8R4PDD7R8	phrase_other_slot	phrases	1790079418	7	3	0	01M34GF5GVK9NJPW7MFZAAC6YB
01M32DX8QF5SQ3BMJ8R4PDD7R8	phrase_slot_listen	phrases	1790079423	8	0	0	01M34GF5GVB20YP0PTW837742C
01M32DX8QF5SQ3BMJ8R4PDD7R8	phrase_other_slot	phrases	1790079454	9	3	0	01M34GF5GVNGBBQ0NGC382KQAP
01M32DX8QF5SQ3BMJ8R4PDD7R8	phrase_intro	phrases	1790079573	10	0	0	01M34GF5GVA48P39E6MFV1CRZT
01M32DX8QF5SQ3BMJ8R4PDD7R8	phrase_slot	phrases	1790079581	11	0	0	01M34GF5GVX52N6CBM0ZDMYRMM
01M32DX8QF5SQ3BMJ8R4PDD7R8	phrase_other_slot	phrases	1790079615	12	3	0	01M34GF5GVC008EM1A8MZN5XFC
01M32DX8QF5SQ3BMJ8R4PDD7R8	phrase_intro	phrases	1790079704	13	0	0	01M34GF5GVCTGMBKVJPAXA69CV
01M32DX8QF5SQ3BMJ8R4PDD7R8	phrase_slot	phrases	1790079712	14	0	0	01M34GF5GV4F5MVJV44JHVMDD4
01M32DX8QF5SQ3BMJ8R4PDD7R8	phrase_intro	phrases	1790079727	15	0	0	01M34GF5GVDKMGJMPBZ8HSJR2S
01M32DX8QF5SQ3BMJ8R4PDD7R8	phrase_other_slot	phrases	1790079755	16	3	0	01M34GF5GVGAB49MWPE1VPYKBC
01M32DX8QF5SQ3BMJ8R4PDD7R8	phrase_slot_listen	phrases	1790079759	17	0	0	01M34GF5GVZRVM6X10RGF9N0HV
01M32DX8QF5SQ3BMJ8R4PDD7R8	phrase_choose_back	phrases	1790079764	18	0	0	01M34GF5GV8MFDZXY8JAV0MN6W
01M32DX8QF5SQ3BMJ8R4PDD7R8	phrase_other_slot	phrases	1790079781	19	2	0	01M34GF5GV6M71PKKDYDPNS93Q
01M32DX8QF5SQ3BMJ8R4PDD7R8	phrase_other_slot	phrases	1790079802	20	3	0	01M34GF5GVVG4FXHR8FSPAR1QK
01M32DX8QF5SQ3BMJ8R4PDD7R8	phrase_other_slot	phrases	1790080100	21	3	0	01M34GF5GVFGB1A4434WAE3NB5
01M32DX8QF5SQ3BMJ8R4PDD7R8	phrase_combine	phrases	1790080127	22	0	0	01M34GF5GV0X024VT91Z6B1KVM
01M32DX8QF5SQ3BMJ8R4PDD7R8	phrase_other_slot	phrases	1790080148	23	4	0	01M34H470X2XX3WMRRPDQ55EAV
01M32DX8QF5SQ3BMJ8R4PDD7R8	dialogue_partner	dialogue	1790080156	1	0	0	01M34GF5GV30N18HFT8B44XH7Z
01M32DX8QF5SQ3BMJ8R4PDD7R8	dialogue_answer	dialogue	1790080164	2	0	0	01M34GF5GV65NB2B1QSFEQHZVQ
01M32DX8QF5SQ3BMJ8R4PDD7R8	dialogue_partner	dialogue	1790080227	3	0	0	01M34GF5GV6VGRQ4XZRMTMVK2S
01M32DX8QF5SQ3BMJ8R4PDD7R8	dialogue_answer	dialogue	1790080234	4	0	0	01M34GF5GV4XPK8H3J8FBHSJ2H
01M32DX8QF5SQ3BMJ8R4PDD7R8	dialogue_partner	dialogue	1790080240	5	0	0	01M34GF5GV9RNRNM03VSR0XXEA
01M32DX8QF5SQ3BMJ8R4PDD7R8	dialogue_answer	dialogue	1790080247	6	0	0	01M34GF5GVE5YJXDKRF72EHC9J
01M32DX8QF5SQ3BMJ8R4PDD7R8	dialogue_ask	dialogue	1790080261	7	0	0	01M34GF5GVVX15ZFK3Z8KMJAPB
01M32DX8QF5SQ3BMJ8R4PDD7R8	dialogue_rescue	dialogue	1790080267	8	0	0	01M34GF5GVF6E0NSXDT1ZPWZHX
01M32DX8QF5SQ3BMJ8R4PDD7R8	dialogue_ask	dialogue	1790080283	9	0	0	01M34GF5GVR1ZV6PFRKQZKKW94
01M32DX8QF5SQ3BMJ8R4PDD7R8	dialogue_partner	dialogue	1790080289	10	0	0	01M34GF5GV4QJMG64ZGQ1C93K8
01M32DX8QF5SQ3BMJ8R4PDD7R8	dialogue_answer	dialogue	1790080296	11	0	0	01M34GF5GVG6SSSPR12MV51W4V
01M32DX8QF5SQ3BMJ8R4PDD7R8	dialogue_ask	dialogue	1790080321	12	0	0	01M34GF5GVGWQRH1J0HGW3KZTA
01M32DX8QF5SQ3BMJ8R4PDD7R8	listen_dialogue	listen	1790080374	1	0	0	01M34GF5GVW7AWJ5KZKDFVXDA9
01M32DX8QF5SQ3BMJ8R4PDD7R8	listen_question	listen	1790080378	2	0	0	01M34GF5GVBGXF4G7J4RT7C6H9
01M32DX8QF5SQ3BMJ8R4PDD7R8	listen_question	listen	1790080385	3	0	0	01M34GF5GVMX5P671GCJNGY98R
01M32DX8QF5SQ3BMJ8R4PDD7R8	listen_question	listen	1790080389	4	0	0	01M34GF5GV8XTHHMXXJRNJD62Q
01M32DX8QF5SQ3BMJ8R4PDD7R8	listen_question	listen	1790080394	5	0	0	01M34GF5GV6KG7HG56BCVTKVSP
01M32DX8QF5SQ3BMJ8R4PDD7R8	listen_review	listen	1790080401	6	0	0	01M34GF5GVCYQ1XRP8Q369Q040
01M32DX8QF5SQ3BMJ8R4PDD7R8	listen_predict	listen	1790080415	7	0	0	01M34GF5GV0M8735MZVR2YNMXB
01M32DX8QF5SQ3BMJ8R4PDD7R8	listen_predict	listen	1790080422	8	0	0	01M34GF5GVWXGEZVEA766KTW4W
01M32DX8QF5SQ3BMJ8R4PDD7R8	listen_predict	listen	1790080435	9	0	0	01M34GF5GV7BJ17DA4SZ4Y8ZKP
01M32DX8QF5SQ3BMJ8R4PDD7R8	listen_pace	listen	1790080440	10	0	0	01M34GF5GV342ZG8F2GZ4GJ5MM
01M32DX8QF5SQ3BMJ8R4PDD7R8	listen_number	listen	1790080444	11	0	0	01M34GF5GVB4B295F61BVSXSBK
01M32DX8QF5SQ3BMJ8R4PDD7R8	speak_answer	speak	1790080460	1	0	0	01M34GF5GVX5PN0TVX926ZER0Y
01M32DX8QF5SQ3BMJ8R4PDD7R8	speak_answer	speak	1790080473	2	0	0	01M34GF5GV0WS7M4JR1ZQHKPFX
01M32DX8QF5SQ3BMJ8R4PDD7R8	speak_answer	speak	1790080485	3	0	0	01M34GF5GVX4WEZ0VAJ57CWS1C
01M32DX8QF5SQ3BMJ8R4PDD7R8	speak_answer	speak	1790080496	4	0	0	01M34GF5GVKHZ1N5429E2QEGZV
01M32DX8QF5SQ3BMJ8R4PDD7R8	speak_answer	speak	1790080506	5	0	0	01M34GF5GVHHC9SC1DGEH8WCK7
01M32DX8QF5SQ3BMJ8R4PDD7R8	speak_answer	speak	1790080523	6	0	0	01M34GF5GVRSKR3BHH1P0AF2SM
01M32DX8QF5SQ3BMJ8R4PDD7R8	speak_echo	speak	1790080536	7	0	0	01M34GF5GVKRYMGNAAP8VZRYSM
01M32DX8QF5SQ3BMJ8R4PDD7R8	speak_retell	speak	1790080545	8	0	0	01M34GF5GVPWHJN62DRARZ6FJR
01M32DX8QF5SQ3BMJ8R4PDD7R8	speak_retell	speak	1790080558	9	0	0	01M34GF5GVKRZHG88H5YNJVV06
01M32DX8QF5SQ3BMJ8R4PDD7R8	speak_retell	speak	1790080568	10	0	0	01M34GF5GVGVW5A8MK861FG2CY
01M32DX8QF5SQ3BMJ8R4PDD7R8	speak_retell	speak	1790080579	11	0	0	01M34GF5GV7QBK1Y233BR7YVQH
01M32DX8QF5SQ3BMJ8R4PDD7R8	speak_retell	speak	1790080588	12	0	0	01M34GF5GVBD2CD685HCHT0J2X
01M32DX8QF5SQ3BMJ8R4PDD7R8	speak_retell	speak	1790080602	13	0	0	01M34GF5GVY1Q0W09PMN9QKQXA
01M32DX8QF5SQ3BMJ8R4PDD7R8	speak_retell	speak	1790080620	14	0	0	01M34GF5GV2W7G60X9HHAADEP1
01M32DX8QF5SQ3BMJ8R4PDD7R8	speak_retell	speak	1790080628	15	0	0	01M34GF5GVSVY6GSXSMAX46AGY
